Okay, so a bench test that was overdue (plant capture - with props - for sim data) I got the logs from the run: 0.000061 INFO  motor-test build: [1788874326-55fc4d5]
PLANT CAPTURE — PROPS ON, AIRCRAFT SECURED. All four motors, 3800 ms profile to 25% in 5s
plant capture: 3800 ms profile, 500 Hz sampling, 1964 sample buffer
plant capture done: 1900 samples (1894 with telemetry), 0 dropped. Dumping.
PLANT_HEADER,tag,t_ms,cmd0,cmd1,cmd2,cmd3,per0,per1,per2,per3,gx,gy,gz
PLANT,0,800,800,800,800,0,0,0,0,0,0,0
PLANT,2,800,800,800,800,0,0,0,0,0,0,0
PLANT,4,800,800,800,800,0,0,0,0,0,0,0
PLANT,6,800,800,800,800,0,0,0,0,0,0,0
PLANT,8,800,800,800,800,0,0,0,0,0,0,0
PLANT,10,800,800,800,800,0,0,0,0,0,0,0
PLANT,12,800,800,800,800,39424,0,0,39552,0,0,0
PLANT,14,800,800,800,800,39424,0,0,39552,0,0,0
PLANT,16,800,800,800,800,26112,0,41216,39552,0,0,0
PLANT,18,800,800,800,800,26112,42368,41216,28864,0,0,0
PLANT,20,800,800,800,800,19520,42368,41216,28864,0,0,0
PLANT,22,800,800,800,800,14784,30912,32064,22144,0,0,0
PLANT,24,800,800,800,800,11264,30912,32064,22144,0,0,0
PLANT,26,800,800,800,800,11264,30912,24384,17344,0,0,0
PLANT,28,800,800,800,800,9600,24832,24384,13856,0,0,0
PLANT,30,800,800,800,800,6976,24832,18112,13856,0,0,0
PLANT,32,800,800,800,800,6672,19136,13504,11648,0,0,0
PLANT,34,800,800,800,800,6352,15072,11264,10272,0,0,0
PLANT,36,800,800,800,800,5840,15072,11264,8896,0,0,0
PLANT,38,800,800,800,800,5440,12576,9344,8512,0,0,0
PLANT,40,800,800,800,800,5296,11072,7664,7536,0,0,0
PLANT,42,800,800,800,800,5168,9632,6560,7568,0,0,0
PLANT,44,800,800,800,800,5072,9632,6336,7184,0,0,0
PLANT,46,800,800,800,800,4560,9056,6320,6592,0,0,0
PLANT,48,800,800,800,800,4544,7568,5424,6192,0,0,0
PLANT,50,800,800,800,800,4384,7312,5456,6160,0,0,0
PLANT,52,800,800,800,800,4496,7072,5200,6048,0,0,0
PLANT,54,800,800,800,800,4256,6352,4944,5360,0,0,0
PLANT,56,800,800,800,800,4272,6400,4496,5232,0,0,0
PLANT,58,800,800,800,800,4128,6096,4448,5088,0,0,0
PLANT,60,800,800,800,800,4096,5776,4448,5104,0,0,0
PLANT,62,800,800,800,800,4112,5536,4320,4928,0,0,0
PLANT,64,800,800,800,800,3952,5440,4432,4832,0,0,0
PLANT,66,800,800,800,800,4040,5264,4160,4736,0,0,0
PLANT,68,800,800,800,800,3920,5136,4336,4688,0,0,0
PLANT,70,800,800,800,800,3864,5024,4072,4528,0,0,0
PLANT,72,800,800,800,800,3904,4912,4040,4576,0,0,0
PLANT,74,800,800,800,800,3832,4768,4160,4512,0,0,0
PLANT,76,800,800,800,800,3768,4704,3920,4480,0,0,0
PLANT,78,800,800,800,800,3792,4704,4096,4448,0,0,0
PLANT,80,800,800,800,800,3712,4672,3832,4384,0,0,0
PLANT,82,800,800,800,800,3728,4496,3800,4272,0,0,0
PLANT,84,800,800,800,800,3744,4528,3968,4208,0,0,0
PLANT,86,800,800,800,800,3648,4368,3800,4256,0,0,0
PLANT,88,800,800,800,800,3632,4304,3704,4176,0,0,0
PLANT,90,800,800,800,800,3664,4352,3896,4160,0,0,0
PLANT,92,800,800,800,800,3536,4240,3712,4072,0,0,0
PLANT,94,800,800,800,800,3584,4304,3624,4000,0,0,0
PLANT,96,800,800,800,800,3632,4192,3784,4048,0,0,0
PLANT,98,800,800,800,800,3544,4192,3624,4008,0,0,0
PLANT,100,800,800,800,800,3464,4128,3592,4008,0,0,0
PLANT,102,800,800,800,800,3568,4032,3680,3920,0,0,0
PLANT,104,800,800,800,800,3488,4080,3544,3856,0,0,0
PLANT,106,800,800,800,800,3416,3976,3560,3904,0,0,0
PLANT,108,800,800,800,800,3424,4032,3656,3856,0,0,0
PLANT,110,800,800,800,800,3488,3960,3528,3904,0,0,0
PLANT,112,800,800,800,800,3368,3960,3424,3760,0,0,0
PLANT,114,800,800,800,800,3360,3968,3584,3800,0,0,0
PLANT,116,800,800,800,800,3424,3896,3544,3816,0,0,0
PLANT,118,800,800,800,800,3392,3848,3376,3800,0,0,0
PLANT,120,800,800,800,800,3344,3864,3376,3744,0,0,0
PLANT,122,800,800,800,800,3328,3856,3496,3720,0,0,0
PLANT,124,800,800,800,800,3392,3800,3408,3688,0,0,0
PLANT,126,800,800,800,800,3272,3800,3352,3632,0,0,0
PLANT,128,800,800,800,800,3248,3728,3464,3704,0,0,0
PLANT,130,800,800,800,800,3264,3696,3488,3632,0,0,0
PLANT,132,800,800,800,800,3296,3744,3312,3608,0,0,0
PLANT,134,800,800,800,800,3216,3680,3256,3656,0,0,0
PLANT,136,800,800,800,800,3240,3704,3360,3576,0,0,0
PLANT,138,800,800,800,800,3200,3608,3272,3584,0,0,0
PLANT,140,800,800,800,800,3240,3616,3272,3536,0,0,0
PLANT,142,800,800,800,800,3200,3616,3224,3568,0,0,0
PLANT,144,800,800,800,800,3200,3656,3336,3496,0,0,0
PLANT,146,800,800,800,800,3184,3528,3248,3480,0,0,0
PLANT,148,800,800,800,800,3224,3576,3232,3496,0,0,0
PLANT,150,800,800,800,800,3168,3648,3232,3456,0,0,0
PLANT,152,800,800,800,800,3120,3552,3296,3488,0,0,0
PLANT,154,800,800,800,800,3136,3488,3232,3496,0,0,0
PLANT,156,800,800,800,800,3184,3560,3192,3456,0,0,0
PLANT,158,800,800,800,800,3200,3496,3144,3432,0,0,0
PLANT,160,800,800,800,800,3160,3488,3344,3392,0,0,0
PLANT,162,800,800,800,800,3152,3480,3192,3416,0,0,0
PLANT,164,800,800,800,800,3112,3464,3176,3416,0,0,0
PLANT,166,800,800,800,800,3184,3464,3160,3352,0,0,0
PLANT,168,800,800,800,800,3072,3448,3328,3384,0,0,0
PLANT,170,800,800,800,800,3104,3472,3304,3352,0,0,0
PLANT,172,800,800,800,800,3128,3456,3160,3344,0,0,0
PLANT,174,800,800,800,800,3176,3360,3136,3336,0,0,0
PLANT,176,800,800,800,800,3160,3392,3128,3360,0,0,0
PLANT,178,800,800,800,800,3136,3384,3264,3344,0,0,0
PLANT,180,800,800,800,800,3048,3360,3160,3304,0,0,0
PLANT,182,800,800,800,800,3112,3368,3144,3312,0,0,0
PLANT,184,800,800,800,800,3168,3336,3176,3352,0,0,0
PLANT,186,800,800,800,800,3088,3328,3264,3312,0,0,0
PLANT,188,800,800,800,800,3064,3384,3144,3280,0,0,0
PLANT,190,800,800,800,800,3096,3288,3144,3352,0,0,0
PLANT,192,800,800,800,800,3104,3328,3112,3312,0,0,0
PLANT,194,800,800,800,800,3128,3320,3240,3336,0,0,0
PLANT,196,800,800,800,800,3080,3328,3232,3272,0,0,0
PLANT,198,800,800,800,800,3080,3288,3168,3280,0,0,0
PLANT,200,800,800,800,800,3112,3344,3136,3320,0,0,0
PLANT,202,800,800,800,800,3136,3288,3128,3240,0,0,0
PLANT,204,800,800,800,800,3168,3328,3280,3248,0,0,0
PLANT,206,800,800,800,800,3072,3304,3136,3336,0,0,0
PLANT,208,800,800,800,800,3104,3344,3144,3248,0,0,0
PLANT,210,800,800,800,800,3064,3280,3168,3224,0,0,0
PLANT,212,800,800,800,800,3144,3248,3272,3224,0,0,0
PLANT,214,800,800,800,800,3056,3336,3112,3312,0,0,0
PLANT,216,800,800,800,800,3104,3296,3168,3264,0,0,0
PLANT,218,800,800,800,800,3056,3248,3168,3240,0,0,0
PLANT,220,800,800,800,800,3128,3248,3208,3224,0,0,0
PLANT,222,800,800,800,800,3120,3304,3248,3256,0,0,0
PLANT,224,800,800,800,800,3120,3280,3112,3264,0,0,0
PLANT,226,800,800,800,800,3088,3240,3104,3224,0,0,0
PLANT,228,800,800,800,800,3104,3208,3128,3240,0,0,0
PLANT,230,800,800,800,800,3152,3304,3232,3264,0,0,0
PLANT,232,800,800,800,800,3136,3248,3120,3248,0,0,0
PLANT,234,800,800,800,800,3064,3232,3128,3216,0,0,0
PLANT,236,800,800,800,800,3096,3224,3152,3216,0,0,0
PLANT,238,800,800,800,800,3064,3344,3200,3216,0,0,0
PLANT,240,800,800,800,800,3120,3264,3152,3240,0,0,0
PLANT,242,800,800,800,800,3064,3240,3136,3232,0,0,0
PLANT,244,800,800,800,800,3112,3224,3096,3208,0,0,0
PLANT,246,800,800,800,800,3136,3272,3216,3200,0,0,0
PLANT,248,800,800,800,800,3128,3256,3232,3304,0,0,0
PLANT,250,800,800,800,800,3144,3232,3136,3192,0,0,0
PLANT,252,800,800,800,800,3072,3264,3064,3232,0,0,0
PLANT,254,800,800,800,800,3072,3256,3128,3208,0,0,0
PLANT,256,800,800,800,800,3088,3240,3216,3224,0,0,0
PLANT,258,800,800,800,800,3160,3232,3152,3200,0,0,0
PLANT,260,800,800,800,800,3152,3224,3144,3192,0,0,0
PLANT,262,800,800,800,800,3080,3232,3080,3216,0,0,0
PLANT,264,800,800,800,800,3072,3320,3224,3208,0,0,0
PLANT,266,800,800,800,800,3080,3256,3232,3184,0,0,0
PLANT,268,800,800,800,800,3144,3240,3112,3208,0,0,0
PLANT,270,800,800,800,800,3112,3224,3072,3192,0,0,0
PLANT,272,800,800,800,800,3096,3256,3128,3216,0,0,0
PLANT,274,800,800,800,800,3136,3216,3224,3248,0,0,0
PLANT,276,800,800,800,800,3160,3208,3128,3200,0,0,0
PLANT,278,800,800,800,800,3168,3232,3128,3192,0,0,0
PLANT,280,800,800,800,800,3104,3224,3104,3248,0,0,0
PLANT,282,800,800,800,800,3064,3208,3208,3208,0,0,0
PLANT,284,800,800,800,800,3088,3240,3152,3192,0,0,0
PLANT,286,800,800,800,800,3176,3208,3120,3200,0,0,0
PLANT,288,800,800,800,800,3144,3256,3088,3208,0,0,0
PLANT,290,800,800,800,800,3128,3224,3208,3216,0,0,0
PLANT,292,800,800,800,800,3056,3232,3208,3208,0,0,0
PLANT,294,800,800,800,800,3128,3216,3112,3200,0,0,0
PLANT,296,800,800,800,800,3144,3240,3088,3176,0,0,0
PLANT,298,800,800,800,800,3120,3208,3112,3240,0,0,0
PLANT,300,800,800,800,800,3080,3192,3208,3200,0,0,0
PLANT,302,800,800,800,800,3120,3192,3096,3216,0,0,0
PLANT,304,800,800,800,800,3176,3256,3136,3192,0,0,0
PLANT,306,800,800,800,800,3144,3224,3104,3264,0,0,0
PLANT,308,800,800,800,800,3080,3240,3232,3200,0,0,0
PLANT,310,800,800,800,800,3080,3208,3232,3200,0,0,0
PLANT,312,800,800,800,800,3056,3296,3112,3200,0,0,0
PLANT,314,800,800,800,800,3144,3256,3088,3232,0,0,0
PLANT,316,800,800,800,800,3136,3224,3136,3232,0,0,0
PLANT,318,800,800,800,800,3072,3248,3216,3192,0,0,0
PLANT,320,800,800,800,800,3144,3232,3144,3200,0,0,0
PLANT,322,800,800,800,800,3088,3224,3128,3240,0,0,0
PLANT,324,800,800,800,800,3160,3216,3144,3240,0,0,0
PLANT,326,800,800,800,800,3080,3224,3208,3192,0,0,0
PLANT,328,800,800,800,800,3128,3208,3088,3224,0,0,0
PLANT,330,800,800,800,800,3040,3248,3104,3232,0,0,0
PLANT,332,800,800,800,800,3152,3224,3128,3208,0,0,0
PLANT,334,800,800,800,800,3128,3208,3200,3192,0,0,0
PLANT,336,800,800,800,800,3120,3232,3232,3192,0,0,0
PLANT,338,800,800,800,800,3104,3304,3112,3192,0,0,0
PLANT,340,800,800,800,800,3112,3200,3104,3240,0,0,0
PLANT,342,800,800,800,800,3152,3256,3144,3208,0,0,0
PLANT,344,800,800,800,800,3096,3216,3224,3208,0,0,0
PLANT,346,800,800,800,800,3072,3248,3128,3208,0,0,0
PLANT,348,800,800,800,800,3080,3240,3112,3232,0,0,0
PLANT,350,800,800,800,800,3064,3232,3144,3176,0,0,0
PLANT,352,800,800,800,800,3136,3200,3208,3208,0,0,0
PLANT,354,800,800,800,800,3120,3240,3240,3208,0,0,0
PLANT,356,800,800,800,800,3088,3192,3136,3208,0,0,0
PLANT,358,800,800,800,800,3128,3240,3104,3256,0,0,0
PLANT,360,800,800,800,800,3128,3208,3160,3208,0,0,0
PLANT,362,800,800,800,800,3144,3240,3224,3192,0,0,0
PLANT,364,800,800,800,800,3064,3256,3104,3224,0,0,0
PLANT,366,800,800,800,800,3088,3216,3120,3216,0,0,0
PLANT,368,800,800,800,800,3056,3208,3152,3192,0,0,0
PLANT,370,800,800,800,800,3152,3288,3232,3184,0,0,0
PLANT,372,800,800,800,800,3056,3288,3120,3200,0,0,0
PLANT,374,800,800,800,800,3112,3184,3128,3232,0,0,0
PLANT,376,800,800,800,800,3064,3224,3144,3192,0,0,0
PLANT,378,800,800,800,800,3144,3224,3128,3192,0,0,0
PLANT,380,800,800,800,800,3176,3224,3248,3208,0,0,0
PLANT,382,800,800,800,800,3096,3200,3120,3192,0,0,0
PLANT,384,800,800,800,800,3072,3208,3144,3200,0,0,0
PLANT,386,800,800,800,800,3104,3224,3104,3200,0,0,0
PLANT,388,800,800,800,800,3152,3200,3264,3192,0,0,0
PLANT,390,800,800,800,800,3128,3224,3120,3224,0,0,0
PLANT,392,800,800,800,800,3040,3240,3168,3208,0,0,0
PLANT,394,800,800,800,800,3096,3224,3152,3184,0,0,0
PLANT,396,800,800,800,800,3048,3264,3224,3224,0,0,0
PLANT,398,800,800,800,800,3144,3208,3216,3224,0,0,0
PLANT,400,800,800,800,800,3120,3208,3160,3208,0,0,0
PLANT,402,800,800,800,800,3072,3160,3144,3208,0,0,0
PLANT,404,800,800,800,800,3120,3288,3080,3216,0,0,0
PLANT,406,800,800,800,800,3136,3240,3272,3216,0,0,0
PLANT,408,800,800,800,800,3144,3224,3136,3232,0,0,0
PLANT,410,800,800,800,800,3072,3208,3152,3216,0,0,0
PLANT,412,800,800,800,800,3112,3256,3096,3216,0,0,0
PLANT,414,800,800,800,800,3048,3232,3272,3208,0,0,0
PLANT,416,800,800,800,800,3152,3216,3216,3224,0,0,0
PLANT,418,800,800,800,800,3136,3216,3152,3208,0,0,0
PLANT,420,800,800,800,800,3112,3256,3152,3192,0,0,0
PLANT,422,800,800,800,800,3072,3256,3096,3208,0,0,0
PLANT,424,800,800,800,800,3128,3216,3208,3224,0,0,0
PLANT,426,800,800,800,800,3176,3240,3160,3208,0,0,0
PLANT,428,800,800,800,800,3080,3256,3104,3208,0,0,0
PLANT,430,800,800,800,800,3048,3312,3080,3216,0,0,0
PLANT,432,800,800,800,800,3104,3200,3224,3216,0,0,0
PLANT,434,800,800,800,800,3152,3240,3152,3200,0,0,0
PLANT,436,800,800,800,800,3128,3248,3096,3208,0,0,0
PLANT,438,800,800,800,800,3056,3232,3096,3216,0,0,0
PLANT,440,800,800,800,800,3080,3224,3240,3208,0,0,0
PLANT,442,800,800,800,800,3128,3200,3224,3256,0,0,0
PLANT,444,800,800,800,800,3128,3216,3160,3200,0,0,0
PLANT,446,800,800,800,800,3104,3232,3104,3192,0,0,0
PLANT,448,800,800,800,800,3096,3216,3096,3208,0,0,0
PLANT,450,800,800,800,800,3112,3192,3224,3224,0,0,0
PLANT,452,800,800,800,800,3056,3216,3152,3208,0,0,0
PLANT,454,800,800,800,800,3152,3232,3104,3176,0,0,0
PLANT,456,800,800,800,800,3048,3240,3136,3216,0,0,0
PLANT,458,800,800,800,800,3112,3208,3240,3216,0,0,0
PLANT,460,800,800,800,800,3064,3224,3216,3192,0,0,0
PLANT,462,800,800,800,800,3144,3232,3144,3176,0,0,0
PLANT,464,800,800,800,800,3192,3232,3096,3200,0,0,0
PLANT,466,800,800,800,800,3104,3224,3128,3208,0,0,0
PLANT,468,800,800,800,800,3064,3192,3216,3176,0,0,0
PLANT,470,800,800,800,800,3120,3224,3128,3192,0,0,0
PLANT,472,800,800,800,800,3168,3232,3120,3200,0,0,0
PLANT,474,800,800,800,800,3080,3224,3144,3216,0,0,0
PLANT,476,800,800,800,800,3080,3192,3216,3192,0,0,0
PLANT,478,800,800,800,800,3080,3240,3128,3184,0,0,0
PLANT,480,800,800,800,800,3072,3240,3120,3184,0,0,0
PLANT,482,800,800,800,800,3144,3216,3120,3232,0,0,0
PLANT,484,800,800,800,800,3112,3224,3224,3224,0,0,0
PLANT,486,800,800,800,800,3096,3264,3224,3176,0,0,0
PLANT,488,800,800,800,800,3120,3296,3128,3192,0,0,0
PLANT,490,800,800,800,800,3152,3280,3128,3256,0,0,0
PLANT,492,800,800,800,800,3176,3232,3144,3216,0,0,0
PLANT,494,800,800,800,800,3096,3256,3224,3208,0,0,0
PLANT,496,800,800,800,800,3112,3256,3112,3216,0,0,0
PLANT,498,800,800,800,800,3072,3240,3144,3184,0,0,0
PLANT,500,800,800,800,800,3160,3208,3152,3248,0,0,0
PLANT,502,800,800,800,800,3056,3216,3216,3208,0,0,0
PLANT,504,800,800,800,800,3128,3248,3256,3200,0,0,0
PLANT,506,800,800,800,800,3080,3240,3136,3192,0,0,0
PLANT,508,800,800,800,800,3128,3216,3120,3256,0,0,0
PLANT,510,800,800,800,800,3168,3232,3144,3208,0,0,0
PLANT,512,800,800,800,800,3080,3272,3232,3200,0,0,0
PLANT,514,800,800,800,800,3120,3208,3128,3208,0,0,0
PLANT,516,800,800,800,800,3088,3240,3128,3248,0,0,0
PLANT,518,800,800,800,800,3168,3232,3152,3192,0,0,0
PLANT,520,800,800,800,800,3144,3240,3224,3200,0,0,0
PLANT,522,800,800,800,800,3144,3200,3120,3208,0,0,0
PLANT,524,800,800,800,800,3080,3200,3136,3232,0,0,0
PLANT,526,800,800,800,800,3096,3216,3136,3240,0,0,0
PLANT,528,800,800,800,800,3176,3224,3208,3216,0,0,0
PLANT,530,800,800,800,800,3104,3216,3232,3192,0,0,0
PLANT,532,800,800,800,800,3056,3208,3136,3216,0,0,0
PLANT,534,800,800,800,800,3104,3192,3104,3232,0,0,0
PLANT,536,800,800,800,800,3160,3232,3168,3192,0,0,0
PLANT,538,800,800,800,800,3136,3256,3240,3208,0,0,0
PLANT,540,800,800,800,800,3128,3216,3112,3200,0,0,0
PLANT,542,800,800,800,800,3088,3192,3144,3216,0,0,0
PLANT,544,800,800,800,800,3120,3264,3128,3200,0,0,0
PLANT,546,800,800,800,800,3160,3224,3224,3200,0,0,0
PLANT,548,800,800,800,800,3112,3200,3280,3200,0,0,0
PLANT,550,800,800,800,800,3056,3232,3128,3208,0,0,0
PLANT,552,800,800,800,800,3112,3264,3128,3208,0,0,0
PLANT,554,800,800,800,800,3104,3240,3152,3200,0,0,0
PLANT,556,800,800,800,800,3136,3240,3240,3200,0,0,0
PLANT,558,800,800,800,800,3136,3208,3136,3200,0,0,0
PLANT,560,800,800,800,800,3080,3208,3128,3208,0,0,0
PLANT,562,800,800,800,800,3128,3240,3136,3192,0,0,0
PLANT,564,800,800,800,800,3160,3216,3216,3184,0,0,0
PLANT,566,800,800,800,800,3168,3224,3096,3216,0,0,0
PLANT,568,800,800,800,800,3048,3192,3112,3232,0,0,0
PLANT,570,800,800,800,800,3128,3264,3128,3200,0,0,0
PLANT,572,800,800,800,800,3080,3248,3192,3192,0,0,0
PLANT,574,800,800,800,800,3136,3200,3256,3232,0,0,0
PLANT,576,800,800,800,800,3080,3184,3120,3224,0,0,0
PLANT,578,800,800,800,800,3104,3312,3072,3192,0,0,0
PLANT,580,800,800,800,800,3128,3216,3160,3224,0,0,0
PLANT,582,800,800,800,800,3136,3216,3216,3200,0,0,0
PLANT,584,800,800,800,800,3144,3224,3096,3232,0,0,0
PLANT,586,800,800,800,800,3072,3240,3128,3192,0,0,0
PLANT,588,800,800,800,800,3056,3232,3136,3216,0,0,0
PLANT,590,800,800,800,800,3064,3232,3224,3224,0,0,0
PLANT,592,800,800,800,800,3152,3216,3264,3288,0,0,0
PLANT,594,800,800,800,800,3136,3256,3144,3232,0,0,0
PLANT,596,800,800,800,800,3096,3280,3120,3176,0,0,0
PLANT,598,800,800,800,800,3040,3224,3168,3168,0,0,0
PLANT,600,1500,1500,1500,1500,3104,3200,3240,3232,0,0,0
PLANT,602,1500,1500,1500,1500,3224,3336,3200,3336,0,0,0
PLANT,604,1500,1500,1500,1500,2944,3208,2944,3080,0,0,0
PLANT,606,1500,1500,1500,1500,2760,2984,2840,3048,0,0,0
PLANT,608,1500,1500,1500,1500,2696,2952,2728,2888,0,0,0
PLANT,610,1500,1500,1500,1500,2600,2848,2592,2848,0,0,0
PLANT,612,1500,1500,1500,1500,2624,2808,2536,2784,0,0,0
PLANT,614,1500,1500,1500,1500,2496,2704,2608,2728,0,0,0
PLANT,616,1500,1500,1500,1500,2416,2712,2544,2680,0,0,0
PLANT,618,1500,1500,1500,1500,2400,2648,2512,2632,0,0,0
PLANT,620,1500,1500,1500,1500,2384,2640,2488,2592,0,0,0
PLANT,622,1500,1500,1500,1500,2392,2576,2392,2560,0,0,0
PLANT,624,1500,1500,1500,1500,2320,2496,2312,2504,0,0,0
PLANT,626,1500,1500,1500,1500,2304,2536,2280,2512,0,0,0
PLANT,628,1500,1500,1500,1500,2264,2520,2280,2472,0,0,0
PLANT,630,1500,1500,1500,1500,2224,2488,2256,2440,0,0,0
PLANT,632,1500,1500,1500,1500,2248,2472,2248,2448,0,0,0
PLANT,634,1500,1500,1500,1500,2256,2448,2200,2376,0,0,0
PLANT,636,1500,1500,1500,1500,2232,2376,2208,2360,0,0,0
PLANT,638,1500,1500,1500,1500,2152,2400,2160,2376,0,0,0
PLANT,640,1500,1500,1500,1500,2168,2352,2240,2344,0,0,0
PLANT,642,1500,1500,1500,1500,2152,2360,2200,2312,0,0,0
PLANT,644,1500,1500,1500,1500,2112,2336,2224,2320,0,0,0
PLANT,646,1500,1500,1500,1500,2080,2304,2104,2312,0,0,0
PLANT,648,1500,1500,1500,1500,2136,2264,2112,2304,0,0,0
PLANT,650,1500,1500,1500,1500,2144,2256,2112,2280,0,0,0
PLANT,652,1500,1500,1500,1500,2064,2256,2128,2288,0,0,0
PLANT,654,1500,1500,1500,1500,2080,2248,2176,2264,0,0,0
PLANT,656,1500,1500,1500,1500,2088,2216,2104,2200,0,0,0
PLANT,658,1500,1500,1500,1500,2080,2240,2072,2200,0,0,0
PLANT,660,1500,1500,1500,1500,2104,2184,2044,2200,0,0,0
PLANT,662,1500,1500,1500,1500,2028,2240,2040,2192,0,0,0
PLANT,664,1500,1500,1500,1500,2056,2208,2080,2192,0,0,0
PLANT,666,1500,1500,1500,1500,2048,2184,2112,2168,0,0,0
PLANT,668,1500,1500,1500,1500,2036,2128,2080,2176,0,0,0
PLANT,670,1500,1500,1500,1500,2064,2144,2032,2136,0,0,0
PLANT,672,1500,1500,1500,1500,2048,2128,1992,2136,0,0,0
PLANT,674,1500,1500,1500,1500,1976,2112,2044,2120,0,0,0
PLANT,676,1500,1500,1500,1500,2016,2128,2024,2152,0,0,0
PLANT,678,1500,1500,1500,1500,2012,2160,1988,2152,0,0,0
PLANT,680,1500,1500,1500,1500,1964,2144,1968,2112,0,0,0
PLANT,682,1500,1500,1500,1500,1948,2072,1968,2144,0,0,0
PLANT,684,1500,1500,1500,1500,1944,2088,2048,2136,0,0,0
PLANT,686,1500,1500,1500,1500,1924,2088,2048,2120,0,0,0
PLANT,688,1500,1500,1500,1500,2000,2088,1944,2088,0,0,0
PLANT,690,1500,1500,1500,1500,1928,2088,1920,2072,0,0,0
PLANT,692,1500,1500,1500,1500,1912,2112,1948,2128,0,0,0
PLANT,694,1500,1500,1500,1500,1920,2080,1968,2064,0,0,0
PLANT,696,1500,1500,1500,1500,1928,2064,1928,2072,0,0,0
PLANT,698,1500,1500,1500,1500,1928,2040,1928,2032,0,0,0
PLANT,700,1500,1500,1500,1500,1944,2036,1924,2016,0,0,0
PLANT,702,1500,1500,1500,1500,1976,2096,1956,2064,0,0,0
PLANT,704,1500,1500,1500,1500,1924,2024,1932,2044,0,0,0
PLANT,706,1500,1500,1500,1500,1900,2048,1948,1992,0,0,0
PLANT,708,1500,1500,1500,1500,1916,2004,2000,1988,0,0,0
PLANT,710,1500,1500,1500,1500,1956,2036,1996,2028,0,0,0
PLANT,712,1500,1500,1500,1500,1892,2048,1896,2024,0,0,0
PLANT,714,1500,1500,1500,1500,1920,2004,1932,2040,0,0,0
PLANT,716,1500,1500,1500,1500,1880,2048,1940,1992,0,0,0
PLANT,718,1500,1500,1500,1500,1896,2032,1912,1988,0,0,0
PLANT,720,1500,1500,1500,1500,1948,2020,1936,2016,0,0,0
PLANT,722,1500,1500,1500,1500,1900,2004,1920,1992,0,0,0
PLANT,724,1500,1500,1500,1500,1904,1980,1928,1984,0,0,0
PLANT,726,1500,1500,1500,1500,1912,1968,1888,1956,0,0,0
PLANT,728,1500,1500,1500,1500,1864,2004,1900,2020,0,0,0
PLANT,730,1500,1500,1500,1500,1892,1988,1948,1972,0,0,0
PLANT,732,1500,1500,1500,1500,1908,1968,1988,1988,0,0,0
PLANT,734,1500,1500,1500,1500,1872,2024,1892,1940,0,0,0
PLANT,736,1500,1500,1500,1500,1936,2020,1904,1956,0,0,0
PLANT,738,1500,1500,1500,1500,1924,1980,1940,2016,0,0,0
PLANT,740,1500,1500,1500,1500,1880,1964,1988,2024,0,0,0
PLANT,742,1500,1500,1500,1500,1892,1976,1888,1968,0,0,0
PLANT,744,1500,1500,1500,1500,1908,1988,1896,1928,0,0,0
PLANT,746,1500,1500,1500,1500,1900,1988,1964,1960,0,0,0
PLANT,748,1500,1500,1500,1500,1884,1976,1920,1952,0,0,0
PLANT,750,1500,1500,1500,1500,1872,1952,1912,1932,0,0,0
PLANT,752,1500,1500,1500,1500,1908,2020,1912,2008,0,0,0
PLANT,754,1500,1500,1500,1500,1916,1992,1940,1956,0,0,0
PLANT,756,1500,1500,1500,1500,1876,2020,1916,2012,0,0,0
PLANT,758,1500,1500,1500,1500,1916,1956,1956,1960,0,0,0
PLANT,760,1500,1500,1500,1500,1888,1960,1900,1952,0,0,0
PLANT,762,1500,1500,1500,1500,1880,1956,1924,1948,0,0,0
PLANT,764,1500,1500,1500,1500,1864,1952,1900,1948,0,0,0
PLANT,766,1500,1500,1500,1500,1892,2008,1928,1968,0,0,0
PLANT,768,1500,1500,1500,1500,1884,1988,2032,1944,0,0,0
PLANT,770,1500,1500,1500,1500,1904,2000,1924,1940,0,0,0
PLANT,772,1500,1500,1500,1500,1872,1996,1912,1968,0,0,0
PLANT,774,1500,1500,1500,1500,1912,1960,1956,1932,0,0,0
PLANT,776,1500,1500,1500,1500,1880,1948,1984,1948,0,0,0
PLANT,778,1500,1500,1500,1500,1892,1956,1896,1924,0,0,0
PLANT,780,1500,1500,1500,1500,1908,1976,1900,1968,0,0,0
PLANT,782,1500,1500,1500,1500,1888,1976,1940,1944,0,0,0
PLANT,784,1500,1500,1500,1500,1868,1960,1988,1944,0,0,0
PLANT,786,1500,1500,1500,1500,1916,2008,1884,1936,0,0,0
PLANT,788,1500,1500,1500,1500,1888,1984,1916,2020,0,0,0
PLANT,790,1500,1500,1500,1500,1892,1948,1980,1960,0,0,0
PLANT,792,1500,1500,1500,1500,1860,1964,1944,1948,0,0,0
PLANT,794,1500,1500,1500,1500,1932,1964,1900,1932,0,0,0
PLANT,796,1500,1500,1500,1500,1868,1980,1892,1988,0,0,0
PLANT,798,1500,1500,1500,1500,1916,1964,1956,1968,0,0,0
PLANT,800,1500,1500,1500,1500,1880,1940,1908,1940,0,0,0
PLANT,802,1500,1500,1500,1500,1896,1948,1904,2012,0,0,0
PLANT,804,1500,1500,1500,1500,1856,2016,1936,2000,0,0,0
PLANT,806,1500,1500,1500,1500,1876,1964,1996,1972,0,0,0
PLANT,808,1500,1500,1500,1500,1888,1972,1896,1960,0,0,0
PLANT,810,1500,1500,1500,1500,1924,1996,1888,1972,0,0,0
PLANT,812,1500,1500,1500,1500,1860,1984,1976,2000,0,0,0
PLANT,814,1500,1500,1500,1500,1948,2008,1944,1968,0,0,0
PLANT,816,1500,1500,1500,1500,1864,1956,1912,1980,0,0,0
PLANT,818,1500,1500,1500,1500,1924,1956,1900,1972,0,0,0
PLANT,820,1500,1500,1500,1500,1872,1996,1980,1976,0,0,0
PLANT,822,1500,1500,1500,1500,1952,1976,1892,1948,0,0,0
PLANT,824,1500,1500,1500,1500,1860,1932,1900,1972,0,0,0
PLANT,826,1500,1500,1500,1500,1916,1940,1960,2000,0,0,0
PLANT,828,1500,1500,1500,1500,1892,1932,1984,2008,0,0,0
PLANT,830,1500,1500,1500,1500,1912,1964,1860,1968,0,0,0
PLANT,832,1500,1500,1500,1500,1876,1940,1892,1980,0,0,0
PLANT,834,1500,1500,1500,1500,1940,1952,1968,1964,0,0,0
PLANT,836,1500,1500,1500,1500,1868,1960,1948,1964,0,0,0
PLANT,838,1500,1500,1500,1500,1920,1988,1884,1944,0,0,0
PLANT,840,1500,1500,1500,1500,1864,1940,1920,1960,0,0,0
PLANT,842,1500,1500,1500,1500,1920,1988,1992,1940,0,0,0
PLANT,844,1500,1500,1500,1500,1868,1952,1896,1968,0,0,0
PLANT,846,1500,1500,1500,1500,1880,1992,1908,1932,0,0,0
PLANT,848,1500,1500,1500,1500,1880,1992,1944,1944,0,0,0
PLANT,850,1500,1500,1500,1500,1868,1980,1952,1928,0,0,0
PLANT,852,1500,1500,1500,1500,1876,1968,1892,1956,0,0,0
PLANT,854,1500,1500,1500,1500,1892,2016,1900,1964,0,0,0
PLANT,856,1500,1500,1500,1500,1892,1960,1972,1956,0,0,0
PLANT,858,1500,1500,1500,1500,1876,1952,1952,1944,0,0,0
PLANT,860,1500,1500,1500,1500,1856,1960,1908,1948,0,0,0
PLANT,862,1500,1500,1500,1500,1936,1960,1900,1968,0,0,0
PLANT,864,1500,1500,1500,1500,1860,1944,1980,1948,0,0,0
PLANT,866,1500,1500,1500,1500,1872,1960,1884,1940,0,0,0
PLANT,868,1500,1500,1500,1500,1888,1956,1888,1960,0,0,0
PLANT,870,1500,1500,1500,1500,1892,1932,1912,1944,0,0,0
PLANT,872,1500,1500,1500,1500,1884,1940,1988,1944,0,0,0
PLANT,874,1500,1500,1500,1500,1868,1940,1884,1944,0,0,0
PLANT,876,1500,1500,1500,1500,1892,1948,1896,1948,0,0,0
PLANT,878,1500,1500,1500,1500,1856,1956,1900,1948,0,0,0
PLANT,880,1500,1500,1500,1500,1904,1956,1972,1928,0,0,0
PLANT,882,1500,1500,1500,1500,1900,1952,1904,1952,0,0,0
PLANT,884,1500,1500,1500,1500,1876,1940,1900,1960,0,0,0
PLANT,886,1500,1500,1500,1500,1860,2020,1936,1964,0,0,0
PLANT,888,1500,1500,1500,1500,1876,1992,1900,1944,0,0,0
PLANT,890,1500,1500,1500,1500,1876,1932,1904,1932,0,0,0
PLANT,892,1500,1500,1500,1500,1888,1980,1908,2004,0,0,0
PLANT,894,1500,1500,1500,1500,1880,1996,1920,1924,0,0,0
PLANT,896,1500,1500,1500,1500,1900,1956,1916,1948,0,0,0
PLANT,898,1500,1500,1500,1500,1888,1984,1948,1944,0,0,0
PLANT,900,1500,1500,1500,1500,1880,1988,1892,1948,0,0,0
PLANT,902,1500,1500,1500,1500,1880,2012,1916,1964,0,0,0
PLANT,904,1500,1500,1500,1500,1924,1960,1912,1944,0,0,0
PLANT,906,1500,1500,1500,1500,1856,1976,1936,1920,0,0,0
PLANT,908,1500,1500,1500,1500,1912,2000,1992,2016,0,0,0
PLANT,910,1500,1500,1500,1500,1904,1976,1924,1920,0,0,0
PLANT,912,1500,1500,1500,1500,1872,1940,1908,1944,0,0,0
PLANT,914,1500,1500,1500,1500,1864,1956,1968,1928,0,0,0
PLANT,916,1500,1500,1500,1500,1924,1940,1984,1968,0,0,0
PLANT,918,1500,1500,1500,1500,1884,1980,1896,1956,0,0,0
PLANT,920,1500,1500,1500,1500,1892,1988,1924,1920,0,0,0
PLANT,922,1500,1500,1500,1500,1880,1944,1936,1924,0,0,0
PLANT,924,1500,1500,1500,1500,1920,1936,1996,1948,0,0,0
PLANT,926,1500,1500,1500,1500,1860,1936,1896,1952,0,0,0
PLANT,928,1500,1500,1500,1500,1896,1976,1908,1916,0,0,0
PLANT,930,1500,1500,1500,1500,1880,1940,1940,1932,0,0,0
PLANT,932,1500,1500,1500,1500,1900,1960,1984,1940,0,0,0
PLANT,934,1500,1500,1500,1500,1856,1968,1896,1944,0,0,0
PLANT,936,1500,1500,1500,1500,1888,1976,1900,1928,0,0,0
PLANT,938,1500,1500,1500,1500,1884,1960,1940,1960,0,0,0
PLANT,940,1500,1500,1500,1500,1892,1952,1904,1940,0,0,0
PLANT,942,1500,1500,1500,1500,1880,2004,1900,1968,0,0,0
PLANT,944,1500,1500,1500,1500,1916,1960,1888,1952,0,0,0
PLANT,946,1500,1500,1500,1500,1872,1972,1928,1908,0,0,0
PLANT,948,1500,1500,1500,1500,1876,2000,1940,1948,0,0,0
PLANT,950,1500,1500,1500,1500,1872,2000,1920,1960,0,0,0
PLANT,952,1500,1500,1500,1500,1920,2012,1884,1944,0,0,0
PLANT,954,1500,1500,1500,1500,1884,1992,1948,1936,0,0,0
PLANT,956,1500,1500,1500,1500,1888,1964,1932,1948,0,0,0
PLANT,958,1500,1500,1500,1500,1900,1968,1912,1964,0,0,0
PLANT,960,1500,1500,1500,1500,1888,1980,1932,1944,0,0,0
PLANT,962,1500,1500,1500,1500,1892,1952,1904,1916,0,0,0
PLANT,964,1500,1500,1500,1500,1900,1932,1944,1952,0,0,0
PLANT,966,1500,1500,1500,1500,1916,1968,1916,1956,0,0,0
PLANT,968,1500,1500,1500,1500,1860,1952,1928,1948,0,0,0
PLANT,970,1500,1500,1500,1500,1868,1936,1888,1944,0,0,0
PLANT,972,1500,1500,1500,1500,1888,1928,1920,1940,0,0,0
PLANT,974,1500,1500,1500,1500,1944,1952,1916,1956,0,0,0
PLANT,976,1500,1500,1500,1500,1864,1948,1924,1944,0,0,0
PLANT,978,1500,1500,1500,1500,1932,1944,1900,1932,0,0,0
PLANT,980,1500,1500,1500,1500,1888,1960,1900,1932,0,0,0
PLANT,982,1500,1500,1500,1500,1916,1952,2000,1920,0,0,0
PLANT,984,1500,1500,1500,1500,1880,1952,1924,1952,0,0,0
PLANT,986,1500,1500,1500,1500,1940,1948,1896,1948,0,0,0
PLANT,988,1500,1500,1500,1500,1872,1992,1928,1956,0,0,0
PLANT,990,1500,1500,1500,1500,1888,1940,1988,1940,0,0,0
PLANT,992,1500,1500,1500,1500,1892,2028,1884,1964,0,0,0
PLANT,994,1500,1500,1500,1500,1896,1996,1888,1972,0,0,0
PLANT,996,1500,1500,1500,1500,1880,1988,1920,1984,0,0,0
PLANT,998,1500,1500,1500,1500,1880,2000,1944,1960,0,0,0
PLANT,1000,800,800,800,800,1884,2004,1884,1992,0,0,0
PLANT,1002,800,800,800,800,1912,1964,1928,1984,0,0,0
PLANT,1004,800,800,800,800,1940,2000,1968,2004,0,0,0
PLANT,1006,800,800,800,800,1984,2088,2080,2040,0,0,0
PLANT,1008,800,800,800,800,2048,2112,2152,2120,0,0,0
PLANT,1010,800,800,800,800,2112,2112,2088,2136,0,0,0
PLANT,1012,800,800,800,800,2168,2136,2200,2144,0,0,0
PLANT,1014,800,800,800,800,2144,2184,2216,2216,0,0,0
PLANT,1016,800,800,800,800,2216,2240,2272,2184,0,0,0
PLANT,1018,800,800,800,800,2272,2264,2304,2248,0,0,0
PLANT,1020,800,800,800,800,2304,2304,2344,2312,0,0,0
PLANT,1022,800,800,800,800,2352,2320,2408,2336,0,0,0
PLANT,1024,800,800,800,800,2376,2376,2472,2392,0,0,0
PLANT,1026,800,800,800,800,2400,2424,2480,2448,0,0,0
PLANT,1028,800,800,800,800,2424,2472,2472,2480,0,0,0
PLANT,1030,800,800,800,800,2520,2496,2520,2520,0,0,0
PLANT,1032,800,800,800,800,2520,2504,2576,2488,0,0,0
PLANT,1034,800,800,800,800,2592,2528,2632,2576,0,0,0
PLANT,1036,800,800,800,800,2624,2528,2616,2608,0,0,0
PLANT,1038,800,800,800,800,2624,2576,2696,2576,0,0,0
PLANT,1040,800,800,800,800,2632,2664,2776,2616,0,0,0
PLANT,1042,800,800,800,800,2720,2656,2800,2672,0,0,0
PLANT,1044,800,800,800,800,2760,2720,2824,2656,0,0,0
PLANT,1046,800,800,800,800,2792,2728,2840,2712,0,0,0
PLANT,1048,800,800,800,800,2760,2744,2824,2744,0,0,0
PLANT,1050,800,800,800,800,2792,2760,2856,2752,0,0,0
PLANT,1052,800,800,800,800,2848,2808,2872,2848,0,0,0
PLANT,1054,800,800,800,800,2840,2824,2976,2808,0,0,0
PLANT,1056,800,800,800,800,2864,2824,2984,2808,0,0,0
PLANT,1058,800,800,800,800,2944,2912,2944,2840,0,0,0
PLANT,1060,800,800,800,800,2960,2960,2936,2864,0,0,0
PLANT,1062,800,800,800,800,2952,2896,3008,2888,0,0,0
PLANT,1064,800,800,800,800,2912,2896,2960,2952,0,0,0
PLANT,1066,800,800,800,800,2920,2952,3112,2960,0,0,0
PLANT,1068,800,800,800,800,2984,2984,3032,2968,0,0,0
PLANT,1070,800,800,800,800,3040,3024,3040,2952,0,0,0
PLANT,1072,800,800,800,800,3008,2960,2992,2984,0,0,0
PLANT,1074,800,800,800,800,2968,2976,2984,2984,0,0,0
PLANT,1076,800,800,800,800,3024,3016,3160,3016,0,0,0
PLANT,1078,800,800,800,800,2992,2984,3080,3032,0,0,0
PLANT,1080,800,800,800,800,3096,3008,3048,3000,0,0,0
PLANT,1082,800,800,800,800,3024,3032,3080,3048,0,0,0
PLANT,1084,800,800,800,800,3032,3088,3176,3056,0,0,0
PLANT,1086,800,800,800,800,2992,3056,3160,3096,0,0,0
PLANT,1088,800,800,800,800,3000,3040,3072,3096,0,0,0
PLANT,1090,800,800,800,800,3104,3120,3040,3088,0,0,0
PLANT,1092,800,800,800,800,3048,3104,3072,3072,0,0,0
PLANT,1094,800,800,800,800,3048,3080,3192,3112,0,0,0
PLANT,1096,800,800,800,800,3040,3128,3176,3104,0,0,0
PLANT,1098,800,800,800,800,3096,3096,3136,3088,0,0,0
PLANT,1100,800,800,800,800,3096,3152,3048,3112,0,0,0
PLANT,1102,800,800,800,800,3024,3200,3104,3136,0,0,0
PLANT,1104,800,800,800,800,3080,3136,3208,3192,0,0,0
PLANT,1106,800,800,800,800,3000,3152,3088,3152,0,0,0
PLANT,1108,800,800,800,800,3064,3136,3152,3136,0,0,0
PLANT,1110,800,800,800,800,3120,3176,3064,3128,0,0,0
PLANT,1112,800,800,800,800,3024,3160,3208,3136,0,0,0
PLANT,1114,800,800,800,800,3120,3184,3216,3184,0,0,0
PLANT,1116,800,800,800,800,3024,3120,3072,3176,0,0,0
PLANT,1118,800,800,800,800,3112,3184,3080,3096,0,0,0
PLANT,1120,800,800,800,800,3128,3216,3112,3184,0,0,0
PLANT,1122,800,800,800,800,3032,3200,3224,3200,0,0,0
PLANT,1124,800,800,800,800,3080,3160,3112,3200,0,0,0
PLANT,1126,800,800,800,800,3048,3192,3136,3160,0,0,0
PLANT,1128,800,800,800,800,3120,3240,3128,3184,0,0,0
PLANT,1130,800,800,800,800,3144,3144,3240,3120,0,0,0
PLANT,1132,800,800,800,800,3112,3160,3208,3184,0,0,0
PLANT,1134,800,800,800,800,3048,3184,3144,3184,0,0,0
PLANT,1136,800,800,800,800,3136,3208,3120,3176,0,0,0
PLANT,1138,800,800,800,800,3120,3208,3072,3176,0,0,0
PLANT,1140,800,800,800,800,3104,3208,3184,3232,0,0,0
PLANT,1142,800,800,800,800,3080,3192,3144,3200,0,0,0
PLANT,1144,800,800,800,800,3136,3208,3096,3216,0,0,0
PLANT,1146,800,800,800,800,3112,3200,3088,3208,0,0,0
PLANT,1148,800,800,800,800,3168,3208,3224,3224,0,0,0
PLANT,1150,800,800,800,800,3080,3208,3144,3152,0,0,0
PLANT,1152,800,800,800,800,3048,3216,3088,3216,0,0,0
PLANT,1154,800,800,800,800,3112,3288,3088,3184,0,0,0
PLANT,1156,800,800,800,800,3168,3152,3216,3224,0,0,0
PLANT,1158,800,800,800,800,3128,3184,3216,3256,0,0,0
PLANT,1160,800,800,800,800,3064,3168,3120,3176,0,0,0
PLANT,1162,800,800,800,800,3112,3256,3088,3208,0,0,0
PLANT,1164,800,800,800,800,3056,3152,3120,3216,0,0,0
PLANT,1166,800,800,800,800,3136,3160,3208,3256,0,0,0
PLANT,1168,800,800,800,800,3080,3200,3104,3152,0,0,0
PLANT,1170,800,800,800,800,3120,3240,3120,3224,0,0,0
PLANT,1172,800,800,800,800,3072,3184,3136,3208,0,0,0
PLANT,1174,800,800,800,800,3160,3216,3208,3264,0,0,0
PLANT,1176,800,800,800,800,3168,3208,3248,3216,0,0,0
PLANT,1178,800,800,800,800,3104,3224,3128,3208,0,0,0
PLANT,1180,800,800,800,800,3048,3240,3128,3208,0,0,0
PLANT,1182,800,800,800,800,3104,3216,3136,3256,0,0,0
PLANT,1184,800,800,800,800,3184,3192,3248,3176,0,0,0
PLANT,1186,800,800,800,800,3152,3240,3128,3192,0,0,0
PLANT,1188,800,800,800,800,3048,3224,3152,3216,0,0,0
PLANT,1190,800,800,800,800,3112,3216,3144,3216,0,0,0
PLANT,1192,800,800,800,800,3064,3216,3224,3216,0,0,0
PLANT,1194,800,800,800,800,3136,3256,3128,3208,0,0,0
PLANT,1196,800,800,800,800,3080,3224,3136,3208,0,0,0
PLANT,1198,800,800,800,800,3112,3216,3144,3208,0,0,0
PLANT,1200,800,800,800,800,3072,3216,3088,3216,0,0,0
PLANT,1202,800,800,800,800,3128,3256,3264,3208,0,0,0
PLANT,1204,800,800,800,800,3144,3248,3112,3176,0,0,0
PLANT,1206,800,800,800,800,3088,3232,3152,3240,0,0,0
PLANT,1208,800,800,800,800,3064,3208,3152,3240,0,0,0
PLANT,1210,800,800,800,800,3104,3216,3264,3216,0,0,0
PLANT,1212,800,800,800,800,3152,3264,3128,3200,0,0,0
PLANT,1214,800,800,800,800,3136,3248,3152,3216,0,0,0
PLANT,1216,800,800,800,800,3072,3208,3144,3208,0,0,0
PLANT,1218,800,800,800,800,3096,3232,3272,3192,0,0,0
PLANT,1220,800,800,800,800,3088,3256,3224,3224,0,0,0
PLANT,1222,800,800,800,800,3120,3224,3144,3200,0,0,0
PLANT,1224,800,800,800,800,3072,3200,3152,3264,0,0,0
PLANT,1226,800,800,800,800,3120,3208,3096,3224,0,0,0
PLANT,1228,800,800,800,800,3064,3264,3272,3200,0,0,0
PLANT,1230,800,800,800,800,3128,3232,3160,3192,0,0,0
PLANT,1232,800,800,800,800,3160,3216,3144,3248,0,0,0
PLANT,1234,800,800,800,800,3088,3208,3072,3216,0,0,0
PLANT,1236,800,800,800,800,3040,3232,3280,3216,0,0,0
PLANT,1238,800,800,800,800,3088,3232,3216,3200,0,0,0
PLANT,1240,800,800,800,800,3144,3208,3160,3240,0,0,0
PLANT,1242,800,800,800,800,3136,3216,3128,3208,0,0,0
PLANT,1244,800,800,800,800,3048,3304,3080,3208,0,0,0
PLANT,1246,800,800,800,800,3088,3208,3216,3208,0,0,0
PLANT,1248,800,800,800,800,3144,3168,3152,3240,0,0,0
PLANT,1250,800,800,800,800,3120,3208,3120,3240,0,0,0
PLANT,1252,800,800,800,800,3112,3256,3088,3216,0,0,0
PLANT,1254,800,800,800,800,3096,3240,3296,3208,0,0,0
PLANT,1256,800,800,800,800,3096,3216,3136,3248,0,0,0
PLANT,1258,800,800,800,800,3128,3184,3144,3232,0,0,0
PLANT,1260,800,800,800,800,3160,3248,3088,3216,0,0,0
PLANT,1262,800,800,800,800,3080,3240,3224,3216,0,0,0
PLANT,1264,800,800,800,800,3064,3224,3216,3208,0,0,0
PLANT,1266,800,800,800,800,3072,3200,3152,3264,0,0,0
PLANT,1268,800,800,800,800,3176,3224,3112,3224,0,0,0
PLANT,1270,800,800,800,800,3112,3232,3088,3192,0,0,0
PLANT,1272,800,800,800,800,3064,3232,3248,3216,0,0,0
PLANT,1274,800,800,800,800,3048,3240,3176,3240,0,0,0
PLANT,1276,800,800,800,800,3112,3200,3120,3160,0,0,0
PLANT,1278,800,800,800,800,3128,3288,3096,3160,0,0,0
PLANT,1280,800,800,800,800,3112,3240,3240,3216,0,0,0
PLANT,1282,800,800,800,800,3080,3224,3216,3224,0,0,0
PLANT,1284,800,800,800,800,3088,3240,3128,3144,0,0,0
PLANT,1286,800,800,800,800,3136,3232,3104,3192,0,0,0
PLANT,1288,800,800,800,800,3144,3232,3112,3184,0,0,0
PLANT,1290,800,800,800,800,3088,3224,3224,3232,0,0,0
PLANT,1292,800,800,800,800,3104,3216,3160,3200,0,0,0
PLANT,1294,800,800,800,800,3048,3264,3120,3192,0,0,0
PLANT,1296,800,800,800,800,3152,3224,3144,3192,0,0,0
PLANT,1298,800,800,800,800,3152,3224,3216,3208,0,0,0
PLANT,1300,800,800,800,800,3096,3248,3144,3232,0,0,0
PLANT,1302,800,800,800,800,3048,3272,3136,3184,0,0,0
PLANT,1304,800,800,800,800,3120,3184,3104,3208,0,0,0
PLANT,1306,800,800,800,800,3136,3264,3200,3240,0,0,0
PLANT,1308,800,800,800,800,3104,3224,3224,3224,0,0,0
PLANT,1310,800,800,800,800,3080,3256,3128,3200,0,0,0
PLANT,1312,800,800,800,800,3144,3232,3080,3216,0,0,0
PLANT,1314,800,800,800,800,3120,3232,3144,3184,0,0,0
PLANT,1316,800,800,800,800,3168,3208,3216,3200,0,0,0
PLANT,1318,800,800,800,800,3072,3216,3088,3216,0,0,0
PLANT,1320,800,800,800,800,3128,3240,3144,3216,0,0,0
PLANT,1322,800,800,800,800,3072,3216,3120,3208,0,0,0
PLANT,1324,800,800,800,800,3168,3216,3216,3240,0,0,0
PLANT,1326,800,800,800,800,3144,3216,3256,3192,0,0,0
PLANT,1328,800,800,800,800,3104,3264,3112,3208,0,0,0
PLANT,1330,800,800,800,800,3064,3208,3096,3224,0,0,0
PLANT,1332,800,800,800,800,3136,3208,3152,3240,0,0,0
PLANT,1334,800,800,800,800,3128,3168,3232,3200,0,0,0
PLANT,1336,800,800,800,800,3112,3264,3112,3216,0,0,0
PLANT,1338,800,800,800,800,3072,3216,3136,3208,0,0,0
PLANT,1340,800,800,800,800,3120,3216,3144,3224,0,0,0
PLANT,1342,800,800,800,800,3128,3208,3232,3248,0,0,0
PLANT,1344,800,800,800,800,3152,3240,3096,3208,0,0,0
PLANT,1346,800,800,800,800,3080,3208,3128,3216,0,0,0
PLANT,1348,800,800,800,800,3104,3216,3136,3264,0,0,0
PLANT,1350,800,800,800,800,3072,3200,3136,3256,0,0,0
PLANT,1352,800,800,800,800,3168,3232,3264,3200,0,0,0
PLANT,1354,800,800,800,800,3152,3240,3120,3232,0,0,0
PLANT,1356,800,800,800,800,3120,3216,3136,3264,0,0,0
PLANT,1358,800,800,800,800,3072,3232,3144,3256,0,0,0
PLANT,1360,800,800,800,800,3104,3256,3248,3224,0,0,0
PLANT,1362,800,800,800,800,3144,3224,3120,3184,0,0,0
PLANT,1364,800,800,800,800,3136,3256,3160,3232,0,0,0
PLANT,1366,800,800,800,800,3064,3224,3160,3232,0,0,0
PLANT,1368,800,800,800,800,3120,3312,3208,3224,0,0,0
PLANT,1370,800,800,800,800,3144,3280,3280,3192,0,0,0
PLANT,1372,800,800,800,800,3160,3256,3128,3208,0,0,0
PLANT,1374,800,800,800,800,3080,3232,3136,3248,0,0,0
PLANT,1376,800,800,800,800,3104,3232,3088,3208,0,0,0
PLANT,1378,800,800,800,800,3064,3256,3272,3200,0,0,0
PLANT,1380,800,800,800,800,3160,3240,3112,3200,0,0,0
PLANT,1382,800,800,800,800,3128,3208,3160,3216,0,0,0
PLANT,1384,800,800,800,800,3112,3216,3160,3200,0,0,0
PLANT,1386,800,800,800,800,3096,3224,3240,3200,0,0,0
PLANT,1388,800,800,800,800,3064,3216,3224,3152,0,0,0
PLANT,1390,800,800,800,800,3128,3216,3160,3256,0,0,0
PLANT,1392,800,800,800,800,3112,3224,3136,3216,0,0,0
PLANT,1394,800,800,800,800,3096,3240,3088,3160,0,0,0
PLANT,1396,800,800,800,800,3064,3208,3256,3232,0,0,0
PLANT,1398,800,800,800,800,3152,3208,3144,3264,0,0,0
PLANT,1400,2000,2000,2000,2000,3168,3224,3152,3208,0,0,0
PLANT,1402,2000,2000,2000,2000,3256,3408,3272,3392,0,0,0
PLANT,1404,2000,2000,2000,2000,2784,3072,2984,3072,0,0,0
PLANT,1406,2000,2000,2000,2000,2712,2872,2712,2848,0,0,0
PLANT,1408,2000,2000,2000,2000,2464,2776,2592,2848,0,0,0
PLANT,1410,2000,2000,2000,2000,2392,2600,2496,2680,0,0,0
PLANT,1412,2000,2000,2000,2000,2248,2528,2336,2600,0,0,0
PLANT,1414,2000,2000,2000,2000,2200,2448,2344,2480,0,0,0
PLANT,1416,2000,2000,2000,2000,2120,2400,2104,2384,0,0,0
PLANT,1418,2000,2000,2000,2000,2088,2256,2072,2344,0,0,0
PLANT,1420,2000,2000,2000,2000,1984,2216,2020,2248,0,0,0
PLANT,1422,2000,2000,2000,2000,1980,2248,2028,2152,0,0,0
PLANT,1424,2000,2000,2000,2000,1908,2216,1948,2184,0,0,0
PLANT,1426,2000,2000,2000,2000,1904,2184,1912,2096,0,0,0
PLANT,1428,2000,2000,2000,2000,1852,2088,1860,2096,0,0,0
PLANT,1430,2000,2000,2000,2000,1824,2044,1900,2088,0,0,0
PLANT,1432,2000,2000,2000,2000,1832,2024,1780,1980,0,0,0
PLANT,1434,2000,2000,2000,2000,1816,1960,1788,1976,0,0,0
PLANT,1436,2000,2000,2000,2000,1744,1984,1820,1924,0,0,0
PLANT,1438,2000,2000,2000,2000,1816,1908,1724,1916,0,0,0
PLANT,1440,2000,2000,2000,2000,1744,1924,1792,1908,0,0,0
PLANT,1442,2000,2000,2000,2000,1736,1932,1784,1852,0,0,0
PLANT,1444,2000,2000,2000,2000,1724,1904,1724,1876,0,0,0
PLANT,1446,2000,2000,2000,2000,1720,1872,1748,1868,0,0,0
PLANT,1448,2000,2000,2000,2000,1724,1852,1720,1820,0,0,0
PLANT,1450,2000,2000,2000,2000,1656,1848,1752,1840,0,0,0
PLANT,1452,2000,2000,2000,2000,1700,1820,1624,1792,0,0,0
PLANT,1454,2000,2000,2000,2000,1652,1776,1732,1792,0,0,0
PLANT,1456,2000,2000,2000,2000,1696,1816,1632,1796,0,0,0
PLANT,1458,2000,2000,2000,2000,1640,1812,1684,1760,0,0,0
PLANT,1460,2000,2000,2000,2000,1652,1784,1652,1780,0,0,0
PLANT,1462,2000,2000,2000,2000,1612,1804,1624,1780,0,0,0
PLANT,1464,2000,2000,2000,2000,1636,1748,1608,1704,0,0,0
PLANT,1466,2000,2000,2000,2000,1608,1780,1652,1736,0,0,0
PLANT,1468,2000,2000,2000,2000,1628,1764,1620,1716,0,0,0
PLANT,1470,2000,2000,2000,2000,1564,1772,1644,1752,0,0,0
PLANT,1472,2000,2000,2000,2000,1628,1736,1592,1740,0,0,0
PLANT,1474,2000,2000,2000,2000,1604,1720,1580,1696,0,0,0
PLANT,1476,2000,2000,2000,2000,1584,1740,1580,1672,0,0,0
PLANT,1478,2000,2000,2000,2000,1568,1736,1576,1700,0,0,0
PLANT,1480,2000,2000,2000,2000,1596,1748,1612,1720,0,0,0
PLANT,1482,2000,2000,2000,2000,1584,1696,1584,1652,0,0,0
PLANT,1484,2000,2000,2000,2000,1588,1728,1560,1680,0,0,0
PLANT,1486,2000,2000,2000,2000,1532,1700,1584,1632,0,0,0
PLANT,1488,2000,2000,2000,2000,1600,1644,1572,1680,0,0,0
PLANT,1490,2000,2000,2000,2000,1600,1696,1620,1652,0,0,0
PLANT,1492,2000,2000,2000,2000,1528,1672,1572,1640,0,0,0
PLANT,1494,2000,2000,2000,2000,1552,1720,1588,1660,0,0,0
PLANT,1496,2000,2000,2000,2000,1520,1652,1548,1652,0,0,0
PLANT,1498,2000,2000,2000,2000,1524,1664,1556,1636,0,0,0
PLANT,1500,2000,2000,2000,2000,1568,1624,1536,1608,0,0,0
PLANT,1502,2000,2000,2000,2000,1540,1680,1524,1608,0,0,0
PLANT,1504,2000,2000,2000,2000,1544,1664,1548,1604,0,0,0
PLANT,1506,2000,2000,2000,2000,1536,1652,1532,1620,0,0,0
PLANT,1508,2000,2000,2000,2000,1560,1644,1596,1620,0,0,0
PLANT,1510,2000,2000,2000,2000,1520,1640,1560,1608,0,0,0
PLANT,1512,2000,2000,2000,2000,1536,1644,1572,1624,0,0,0
PLANT,1514,2000,2000,2000,2000,1584,1636,1516,1624,0,0,0
PLANT,1516,2000,2000,2000,2000,1508,1652,1516,1612,0,0,0
PLANT,1518,2000,2000,2000,2000,1560,1640,1584,1608,0,0,0
PLANT,1520,2000,2000,2000,2000,1512,1584,1572,1604,0,0,0
PLANT,1522,2000,2000,2000,2000,1508,1616,1552,1568,0,0,0
PLANT,1524,2000,2000,2000,2000,1544,1620,1544,1576,0,0,0
PLANT,1526,2000,2000,2000,2000,1508,1612,1520,1608,0,0,0
PLANT,1528,2000,2000,2000,2000,1492,1600,1536,1564,0,0,0
PLANT,1530,2000,2000,2000,2000,1488,1616,1528,1580,0,0,0
PLANT,1532,2000,2000,2000,2000,1544,1612,1532,1568,0,0,0
PLANT,1534,2000,2000,2000,2000,1520,1564,1500,1560,0,0,0
PLANT,1536,2000,2000,2000,2000,1524,1572,1512,1580,0,0,0
PLANT,1538,2000,2000,2000,2000,1512,1572,1576,1596,0,0,0
PLANT,1540,2000,2000,2000,2000,1496,1628,1512,1576,0,0,0
PLANT,1542,2000,2000,2000,2000,1496,1616,1576,1588,0,0,0
PLANT,1544,2000,2000,2000,2000,1536,1608,1508,1600,0,0,0
PLANT,1546,2000,2000,2000,2000,1476,1596,1520,1552,0,0,0
PLANT,1548,2000,2000,2000,2000,1484,1576,1548,1592,0,0,0
PLANT,1550,2000,2000,2000,2000,1500,1564,1492,1600,0,0,0
PLANT,1552,2000,2000,2000,2000,1472,1560,1552,1580,0,0,0
PLANT,1554,2000,2000,2000,2000,1564,1572,1512,1584,0,0,0
PLANT,1556,2000,2000,2000,2000,1472,1600,1560,1592,0,0,0
PLANT,1558,2000,2000,2000,2000,1524,1576,1532,1584,0,0,0
PLANT,1560,2000,2000,2000,2000,1512,1548,1520,1568,0,0,0
PLANT,1562,2000,2000,2000,2000,1512,1616,1532,1592,0,0,0
PLANT,1564,2000,2000,2000,2000,1492,1564,1512,1552,0,0,0
PLANT,1566,2000,2000,2000,2000,1480,1604,1556,1540,0,0,0
PLANT,1568,2000,2000,2000,2000,1540,1620,1536,1540,0,0,0
PLANT,1570,2000,2000,2000,2000,1508,1568,1540,1536,0,0,0
PLANT,1572,2000,2000,2000,2000,1480,1608,1524,1536,0,0,0
PLANT,1574,2000,2000,2000,2000,1496,1576,1548,1532,0,0,0
PLANT,1576,2000,2000,2000,2000,1508,1564,1484,1544,0,0,0
PLANT,1578,2000,2000,2000,2000,1500,1616,1540,1592,0,0,0
PLANT,1580,2000,2000,2000,2000,1492,1632,1504,1576,0,0,0
PLANT,1582,2000,2000,2000,2000,1488,1556,1496,1588,0,0,0
PLANT,1584,2000,2000,2000,2000,1492,1592,1500,1552,0,0,0
PLANT,1586,2000,2000,2000,2000,1500,1600,1500,1556,0,0,0
PLANT,1588,2000,2000,2000,2000,1508,1564,1564,1524,0,0,0
PLANT,1590,2000,2000,2000,2000,1508,1564,1492,1580,0,0,0
PLANT,1592,2000,2000,2000,2000,1536,1552,1516,1568,0,0,0
PLANT,1594,2000,2000,2000,2000,1480,1536,1496,1580,0,0,0
PLANT,1596,2000,2000,2000,2000,1496,1556,1532,1592,0,0,0
PLANT,1598,2000,2000,2000,2000,1544,1568,1524,1528,0,0,0
PLANT,1600,2000,2000,2000,2000,1484,1552,1528,1552,0,0,0
PLANT,1602,2000,2000,2000,2000,1528,1588,1488,1524,0,0,0
PLANT,1604,2000,2000,2000,2000,1508,1564,1508,1532,0,0,0
PLANT,1606,2000,2000,2000,2000,1484,1548,1484,1524,0,0,0
PLANT,1608,2000,2000,2000,2000,1560,1592,1520,1544,0,0,0
PLANT,1610,2000,2000,2000,2000,1484,1580,1484,1540,0,0,0
PLANT,1612,2000,2000,2000,2000,1488,1568,1504,1568,0,0,0
PLANT,1614,2000,2000,2000,2000,1508,1604,1532,1584,0,0,0
PLANT,1616,2000,2000,2000,2000,1480,1604,1504,1564,0,0,0
PLANT,1618,2000,2000,2000,2000,1520,1600,1556,1588,0,0,0
PLANT,1620,2000,2000,2000,2000,1512,1564,1500,1540,0,0,0
PLANT,1622,2000,2000,2000,2000,1468,1548,1496,1532,0,0,0
PLANT,1624,2000,2000,2000,2000,1544,1552,1568,1560,0,0,0
PLANT,1626,2000,2000,2000,2000,1476,1536,1484,1568,0,0,0
PLANT,1628,2000,2000,2000,2000,1496,1572,1520,1552,0,0,0
PLANT,1630,2000,2000,2000,2000,1480,1564,1524,1532,0,0,0
PLANT,1632,2000,2000,2000,2000,1480,1568,1492,1524,0,0,0
PLANT,1634,2000,2000,2000,2000,1488,1580,1520,1532,0,0,0
PLANT,1636,2000,2000,2000,2000,1528,1556,1536,1576,0,0,0
PLANT,1638,2000,2000,2000,2000,1484,1540,1524,1600,0,0,0
PLANT,1640,2000,2000,2000,2000,1496,1608,1544,1524,0,0,0
PLANT,1642,2000,2000,2000,2000,1512,1584,1504,1556,0,0,0
PLANT,1644,2000,2000,2000,2000,1480,1580,1552,1552,0,0,0
PLANT,1646,2000,2000,2000,2000,1472,1548,1520,1524,0,0,0
PLANT,1648,2000,2000,2000,2000,1516,1600,1504,1576,0,0,0
PLANT,1650,2000,2000,2000,2000,1480,1560,1488,1524,0,0,0
PLANT,1652,2000,2000,2000,2000,1584,1568,1504,1544,0,0,0
PLANT,1654,2000,2000,2000,2000,1528,1552,1520,1544,0,0,0
PLANT,1656,2000,2000,2000,2000,1508,1536,1524,1532,0,0,0
PLANT,1658,2000,2000,2000,2000,1480,1584,1540,1572,0,0,0
PLANT,1660,2000,2000,2000,2000,1500,1580,1524,1548,0,0,0
PLANT,1662,2000,2000,2000,2000,1504,1584,1508,1540,0,0,0
PLANT,1664,2000,2000,2000,2000,1464,1560,1544,1524,0,0,0
PLANT,1666,2000,2000,2000,2000,1536,1604,1508,1568,0,0,0
PLANT,1668,2000,2000,2000,2000,1456,1572,1488,1568,0,0,0
PLANT,1670,2000,2000,2000,2000,1456,1584,1552,1576,0,0,0
PLANT,1672,2000,2000,2000,2000,1544,1548,1484,1500,0,0,0
PLANT,1674,2000,2000,2000,2000,1476,1544,1520,1504,0,0,0
PLANT,1676,2000,2000,2000,2000,1536,1552,1504,1552,0,0,0
PLANT,1678,2000,2000,2000,2000,1500,1544,1528,1556,0,0,0
PLANT,1680,2000,2000,2000,2000,1460,1576,1508,1600,0,0,0
PLANT,1682,2000,2000,2000,2000,1532,1548,1544,1580,0,0,0
PLANT,1684,2000,2000,2000,2000,1516,1536,1516,1556,0,0,0
PLANT,1686,2000,2000,2000,2000,1496,1592,1536,1548,0,0,0
PLANT,1688,2000,2000,2000,2000,1524,1556,1508,1528,0,0,0
PLANT,1690,2000,2000,2000,2000,1484,1604,1528,1544,0,0,0
PLANT,1692,2000,2000,2000,2000,1488,1544,1520,1536,0,0,0
PLANT,1694,2000,2000,2000,2000,1528,1552,1524,1588,0,0,0
PLANT,1696,2000,2000,2000,2000,1476,1552,1556,1560,0,0,0
PLANT,1698,2000,2000,2000,2000,1484,1576,1496,1568,0,0,0
PLANT,1700,2000,2000,2000,2000,1476,1540,1556,1544,0,0,0
PLANT,1702,2000,2000,2000,2000,1492,1552,1488,1540,0,0,0
PLANT,1704,2000,2000,2000,2000,1496,1568,1500,1556,0,0,0
PLANT,1706,2000,2000,2000,2000,1516,1588,1480,1564,0,0,0
PLANT,1708,2000,2000,2000,2000,1472,1588,1492,1548,0,0,0
PLANT,1710,2000,2000,2000,2000,1492,1596,1568,1528,0,0,0
PLANT,1712,2000,2000,2000,2000,1520,1532,1488,1540,0,0,0
PLANT,1714,2000,2000,2000,2000,1484,1524,1540,1576,0,0,0
PLANT,1716,2000,2000,2000,2000,1492,1560,1500,1572,0,0,0
PLANT,1718,2000,2000,2000,2000,1528,1536,1552,1592,0,0,0
PLANT,1720,2000,2000,2000,2000,1488,1524,1528,1528,0,0,0
PLANT,1722,2000,2000,2000,2000,1496,1536,1532,1536,0,0,0
PLANT,1724,2000,2000,2000,2000,1504,1544,1480,1516,0,0,0
PLANT,1726,2000,2000,2000,2000,1484,1588,1528,1580,0,0,0
PLANT,1728,2000,2000,2000,2000,1476,1596,1504,1584,0,0,0
PLANT,1730,2000,2000,2000,2000,1500,1600,1548,1528,0,0,0
PLANT,1732,2000,2000,2000,2000,1484,1544,1508,1512,0,0,0
PLANT,1734,2000,2000,2000,2000,1484,1544,1504,1536,0,0,0
PLANT,1736,2000,2000,2000,2000,1548,1592,1540,1544,0,0,0
PLANT,1738,2000,2000,2000,2000,1476,1532,1472,1584,0,0,0
PLANT,1740,2000,2000,2000,2000,1504,1548,1528,1528,0,0,0
PLANT,1742,2000,2000,2000,2000,1536,1564,1516,1532,0,0,0
PLANT,1744,2000,2000,2000,2000,1468,1540,1508,1548,0,0,0
PLANT,1746,2000,2000,2000,2000,1464,1596,1524,1592,0,0,0
PLANT,1748,2000,2000,2000,2000,1520,1568,1544,1564,0,0,0
PLANT,1750,2000,2000,2000,2000,1468,1588,1496,1584,0,0,0
PLANT,1752,2000,2000,2000,2000,1512,1536,1508,1544,0,0,0
PLANT,1754,2000,2000,2000,2000,1536,1556,1508,1516,0,0,0
PLANT,1756,2000,2000,2000,2000,1488,1552,1568,1560,0,0,0
PLANT,1758,2000,2000,2000,2000,1476,1556,1484,1572,0,0,0
PLANT,1760,2000,2000,2000,2000,1496,1544,1544,1568,0,0,0
PLANT,1762,2000,2000,2000,2000,1496,1556,1504,1544,0,0,0
PLANT,1764,2000,2000,2000,2000,1528,1544,1528,1520,0,0,0
PLANT,1766,2000,2000,2000,2000,1484,1580,1532,1572,0,0,0
PLANT,1768,2000,2000,2000,2000,1500,1584,1560,1572,0,0,0
PLANT,1770,2000,2000,2000,2000,1484,1572,1492,1588,0,0,0
PLANT,1772,2000,2000,2000,2000,1496,1556,1544,1540,0,0,0
PLANT,1774,2000,2000,2000,2000,1484,1548,1508,1552,0,0,0
PLANT,1776,2000,2000,2000,2000,1480,1540,1568,1532,0,0,0
PLANT,1778,2000,2000,2000,2000,1492,1556,1492,1532,0,0,0
PLANT,1780,2000,2000,2000,2000,1492,1560,1532,1576,0,0,0
PLANT,1782,2000,2000,2000,2000,1528,1560,1516,1516,0,0,0
PLANT,1784,2000,2000,2000,2000,1468,1532,1548,1520,0,0,0
PLANT,1786,2000,2000,2000,2000,1468,1592,1524,1532,0,0,0
PLANT,1788,2000,2000,2000,2000,1532,1572,1552,1512,0,0,0
PLANT,1790,2000,2000,2000,2000,1512,1552,1492,1584,0,0,0
PLANT,1792,2000,2000,2000,2000,1476,1580,1560,1564,0,0,0
PLANT,1794,2000,2000,2000,2000,1516,1588,1500,1540,0,0,0
PLANT,1796,2000,2000,2000,2000,1492,1592,1496,1528,0,0,0
PLANT,1798,2000,2000,2000,2000,1492,1552,1500,1572,0,0,0
PLANT,1800,800,800,800,800,1508,1552,1524,1576,0,0,0
PLANT,1802,800,800,800,800,1492,1608,1588,1568,0,0,0
PLANT,1804,800,800,800,800,1580,1688,1600,1588,0,0,0
PLANT,1806,800,800,800,800,1688,1708,1728,1648,0,0,0
PLANT,1808,800,800,800,800,1684,1748,1764,1704,0,0,0
PLANT,1810,800,800,800,800,1792,1756,1764,1720,0,0,0
PLANT,1812,800,800,800,800,1864,1828,1912,1784,0,0,0
PLANT,1814,800,800,800,800,1852,1864,1880,1840,0,0,0
PLANT,1816,800,800,800,800,1952,1916,2008,1928,0,0,0
PLANT,1818,800,800,800,800,1968,1944,2048,1928,0,0,0
PLANT,1820,800,800,800,800,2048,1968,2096,1940,0,0,0
PLANT,1822,800,800,800,800,2112,2020,2160,2016,0,0,0
PLANT,1824,800,800,800,800,2088,2036,2192,2080,0,0,0
PLANT,1826,800,800,800,800,2192,2120,2144,2064,0,0,0
PLANT,1828,800,800,800,800,2200,2160,2248,2144,0,0,0
PLANT,1830,800,800,800,800,2256,2200,2280,2184,0,0,0
PLANT,1832,800,800,800,800,2304,2192,2352,2160,0,0,0
PLANT,1834,800,800,800,800,2328,2248,2336,2216,0,0,0
PLANT,1836,800,800,800,800,2360,2304,2392,2232,0,0,0
PLANT,1838,800,800,800,800,2408,2352,2424,2296,0,0,0
PLANT,1840,800,800,800,800,2424,2352,2456,2336,0,0,0
PLANT,1842,800,800,800,800,2464,2424,2504,2320,0,0,0
PLANT,1844,800,800,800,800,2528,2400,2528,2400,0,0,0
PLANT,1846,800,800,800,800,2512,2432,2568,2424,0,0,0
PLANT,1848,800,800,800,800,2552,2472,2656,2448,0,0,0
PLANT,1850,800,800,800,800,2608,2544,2696,2464,0,0,0
PLANT,1852,800,800,800,800,2680,2600,2776,2544,0,0,0
PLANT,1854,800,800,800,800,2656,2576,2800,2584,0,0,0
PLANT,1856,800,800,800,800,2784,2640,2784,2632,0,0,0
PLANT,1858,800,800,800,800,2792,2608,2792,2584,0,0,0
PLANT,1860,800,800,800,800,2768,2696,2792,2680,0,0,0
PLANT,1862,800,800,800,800,2792,2704,2840,2656,0,0,0
PLANT,1864,800,800,800,800,2816,2712,2944,2712,0,0,0
PLANT,1866,800,800,800,800,2832,2760,2952,2744,0,0,0
PLANT,1868,800,800,800,800,2848,2784,2944,2808,0,0,0
PLANT,1870,800,800,800,800,2920,2840,2904,2792,0,0,0
PLANT,1872,800,800,800,800,2936,2840,2920,2792,0,0,0
PLANT,1874,800,800,800,800,2912,2840,2992,2832,0,0,0
PLANT,1876,800,800,800,800,2920,2864,3064,2848,0,0,0
PLANT,1878,800,800,800,800,2920,2872,3104,2872,0,0,0
PLANT,1880,800,800,800,800,2984,2912,3056,2920,0,0,0
PLANT,1882,800,800,800,800,3016,2928,2976,2920,0,0,0
PLANT,1884,800,800,800,800,3040,2960,3000,2944,0,0,0
PLANT,1886,800,800,800,800,3000,2936,3136,2936,0,0,0
PLANT,1888,800,800,800,800,3032,3016,3136,2928,0,0,0
PLANT,1890,800,800,800,800,3064,3008,3048,2992,0,0,0
PLANT,1892,800,800,800,800,3072,2992,3072,3008,0,0,0
PLANT,1894,800,800,800,800,3096,3088,3088,2992,0,0,0
PLANT,1896,800,800,800,800,3048,3080,3208,3040,0,0,0
PLANT,1898,800,800,800,800,3024,3048,3088,2992,0,0,0
PLANT,1900,800,800,800,800,3016,3032,3072,3016,0,0,0
PLANT,1902,800,800,800,800,3120,3024,3112,3048,0,0,0
PLANT,1904,800,800,800,800,3104,3104,3048,3064,0,0,0
PLANT,1906,800,800,800,800,3016,3096,3168,3056,0,0,0
PLANT,1908,800,800,800,800,3072,3048,3120,3040,0,0,0
PLANT,1910,800,800,800,800,3088,3120,3096,3112,0,0,0
PLANT,1912,800,800,800,800,3072,3048,3112,3128,0,0,0
PLANT,1914,800,800,800,800,3112,3144,3248,3112,0,0,0
PLANT,1916,800,800,800,800,3072,3112,3192,3104,0,0,0
PLANT,1918,800,800,800,800,3080,3144,3120,3128,0,0,0
PLANT,1920,800,800,800,800,3104,3096,3080,3144,0,0,0
PLANT,1922,800,800,800,800,3104,3152,3144,3152,0,0,0
PLANT,1924,800,800,800,800,3104,3176,3224,3160,0,0,0
PLANT,1926,800,800,800,800,3064,3104,3120,3112,0,0,0
PLANT,1928,800,800,800,800,3088,3104,3128,3168,0,0,0
PLANT,1930,800,800,800,800,3120,3160,3152,3176,0,0,0
PLANT,1932,800,800,800,800,3160,3184,3240,3088,0,0,0
PLANT,1934,800,800,800,800,3072,3176,3208,3144,0,0,0
PLANT,1936,800,800,800,800,3072,3144,3168,3192,0,0,0
PLANT,1938,800,800,800,800,3112,3144,3152,3184,0,0,0
PLANT,1940,800,800,800,800,3112,3208,3088,3160,0,0,0
PLANT,1942,800,800,800,800,3128,3208,3208,3152,0,0,0
PLANT,1944,800,800,800,800,3048,3168,3184,3160,0,0,0
PLANT,1946,800,800,800,800,3112,3192,3104,3200,0,0,0
PLANT,1948,800,800,800,800,3048,3224,3096,3216,0,0,0
PLANT,1950,800,800,800,800,3128,3224,3232,3168,0,0,0
PLANT,1952,800,800,800,800,3064,3168,3144,3160,0,0,0
PLANT,1954,800,800,800,800,3088,3184,3104,3176,0,0,0
PLANT,1956,800,800,800,800,3048,3184,3096,3208,0,0,0
PLANT,1958,800,800,800,800,3128,3208,3216,3168,0,0,0
PLANT,1960,800,800,800,800,3112,3208,3216,3184,0,0,0
PLANT,1962,800,800,800,800,3112,3200,3168,3200,0,0,0
PLANT,1964,800,800,800,800,3080,3208,3072,3224,0,0,0
PLANT,1966,800,800,800,800,3104,3216,3120,3192,0,0,0
PLANT,1968,800,800,800,800,3152,3200,3240,3184,0,0,0
PLANT,1970,800,800,800,800,3160,3192,3160,3208,0,0,0
PLANT,1972,800,800,800,800,3056,3208,3120,3200,0,0,0
PLANT,1974,800,800,800,800,3088,3232,3136,3216,0,0,0
PLANT,1976,800,800,800,800,3112,3216,3240,3192,0,0,0
PLANT,1978,800,800,800,800,3120,3224,3224,3168,0,0,0
PLANT,1980,800,800,800,800,3056,3200,3144,3224,0,0,0
PLANT,1982,800,800,800,800,3088,3224,3088,3224,0,0,0
PLANT,1984,800,800,800,800,3128,3232,3144,3144,0,0,0
PLANT,1986,800,800,800,800,3112,3224,3232,3200,0,0,0
PLANT,1988,800,800,800,800,3160,3200,3112,3168,0,0,0
PLANT,1990,800,800,800,800,3080,3224,3144,3216,0,0,0
PLANT,1992,800,800,800,800,3120,3240,3112,3216,0,0,0
PLANT,1994,800,800,800,800,3072,3224,3232,3200,0,0,0
PLANT,1996,800,800,800,800,3152,3208,3128,3192,0,0,0
PLANT,1998,800,800,800,800,3136,3232,3120,3256,0,0,0
PLANT,2000,800,800,800,800,3120,3240,3128,3208,0,0,0
PLANT,2002,800,800,800,800,3056,3232,3216,3192,0,0,0
PLANT,2004,800,800,800,800,3136,3200,3232,3216,0,0,0
PLANT,2006,800,800,800,800,3160,3216,3120,3232,0,0,0
PLANT,2008,800,800,800,800,3088,3312,3096,3232,0,0,0
PLANT,2010,800,800,800,800,3096,3200,3136,3216,0,0,0
PLANT,2012,800,800,800,800,3112,3256,3232,3216,0,0,0
PLANT,2014,800,800,800,800,3144,3232,3112,3224,0,0,0
PLANT,2016,800,800,800,800,3160,3232,3144,3224,0,0,0
PLANT,2018,800,800,800,800,3064,3208,3152,3200,0,0,0
PLANT,2020,800,800,800,800,3048,3224,3232,3192,0,0,0
PLANT,2022,800,800,800,800,3096,3200,3256,3216,0,0,0
PLANT,2024,800,800,800,800,3128,3232,3128,3256,0,0,0
PLANT,2026,800,800,800,800,3096,3216,3136,3200,0,0,0
PLANT,2028,800,800,800,800,3096,3216,3152,3208,0,0,0
PLANT,2030,800,800,800,800,3096,3216,3248,3208,0,0,0
PLANT,2032,800,800,800,800,3048,3240,3136,3248,0,0,0
PLANT,2034,800,800,800,800,3160,3304,3152,3200,0,0,0
PLANT,2036,800,800,800,800,3056,3208,3152,3208,0,0,0
PLANT,2038,800,800,800,800,3128,3192,3256,3208,0,0,0
PLANT,2040,800,800,800,800,3072,3280,3104,3296,0,0,0
PLANT,2042,800,800,800,800,3128,3256,3136,3208,0,0,0
PLANT,2044,800,800,800,800,3176,3208,3120,3184,0,0,0
PLANT,2046,800,800,800,800,3112,3208,3224,3216,0,0,0
PLANT,2048,800,800,800,800,3128,3232,3264,3256,0,0,0
PLANT,2050,800,800,800,800,3104,3232,3128,3224,0,0,0
PLANT,2052,800,800,800,800,3144,3224,3120,3224,0,0,0
PLANT,2054,800,800,800,800,3072,3232,3160,3208,0,0,0
PLANT,2056,800,800,800,800,3128,3208,3256,3240,0,0,0
PLANT,2058,800,800,800,800,3096,3248,3128,3232,0,0,0
PLANT,2060,800,800,800,800,3152,3232,3136,3208,0,0,0
PLANT,2062,800,800,800,800,3128,3224,3144,3200,0,0,0
PLANT,2064,800,800,800,800,3128,3216,3208,3216,0,0,0
PLANT,2066,800,800,800,800,3088,3320,3256,3232,0,0,0
PLANT,2068,800,800,800,800,3128,3216,3128,3200,0,0,0
PLANT,2070,800,800,800,800,3152,3224,3136,3192,0,0,0
PLANT,2072,800,800,800,800,3152,3216,3160,3208,0,0,0
PLANT,2074,800,800,800,800,3072,3248,3256,3248,0,0,0
PLANT,2076,800,800,800,800,3104,3224,3112,3208,0,0,0
PLANT,2078,800,800,800,800,3056,3240,3128,3192,0,0,0
PLANT,2080,800,800,800,800,3144,3232,3136,3168,0,0,0
PLANT,2082,800,800,800,800,3080,3248,3208,3248,0,0,0
PLANT,2084,800,800,800,800,3112,3208,3088,3208,0,0,0
PLANT,2086,800,800,800,800,3104,3224,3112,3208,0,0,0
PLANT,2088,800,800,800,800,3136,3208,3120,3200,0,0,0
PLANT,2090,800,800,800,800,3152,3240,3208,3224,0,0,0
PLANT,2092,800,800,800,800,3080,3304,3248,3216,0,0,0
PLANT,2094,800,800,800,800,3072,3216,3112,3216,0,0,0
PLANT,2096,800,800,800,800,3096,3184,3096,3208,0,0,0
PLANT,2098,800,800,800,800,3144,3256,3136,3248,0,0,0
PLANT,2100,800,800,800,800,3136,3232,3216,3208,0,0,0
PLANT,2102,800,800,800,800,3112,3224,3104,3208,0,0,0
PLANT,2104,800,800,800,800,3064,3216,3120,3224,0,0,0
PLANT,2106,800,800,800,800,3120,3240,3128,3232,0,0,0
PLANT,2108,800,800,800,800,3128,3240,3216,3264,0,0,0
PLANT,2110,800,800,800,800,3136,3200,3232,3248,0,0,0
PLANT,2112,800,800,800,800,3080,3208,3112,3232,0,0,0
PLANT,2114,800,800,800,800,3128,3208,3088,3272,0,0,0
PLANT,2116,800,800,800,800,3176,3248,3128,3240,0,0,0
PLANT,2118,800,800,800,800,3152,3224,3200,3224,0,0,0
PLANT,2120,800,800,800,800,3048,3216,3144,3192,0,0,0
PLANT,2122,800,800,800,800,3096,3168,3128,3256,0,0,0
PLANT,2124,800,800,800,800,3096,3304,3104,3232,0,0,0
PLANT,2126,800,800,800,800,3136,3256,3224,3208,0,0,0
PLANT,2128,800,800,800,800,3128,3176,3152,3200,0,0,0
PLANT,2130,800,800,800,800,3104,3200,3112,3224,0,0,0
PLANT,2132,800,800,800,800,3128,3256,3080,3240,0,0,0
PLANT,2134,800,800,800,800,3104,3232,3200,3216,0,0,0
PLANT,2136,800,800,800,800,3160,3216,3200,3224,0,0,0
PLANT,2138,800,800,800,800,3072,3216,3104,3200,0,0,0
PLANT,2140,800,800,800,800,3104,3256,3088,3208,0,0,0
PLANT,2142,800,800,800,800,3080,3224,3128,3200,0,0,0
PLANT,2144,800,800,800,800,3152,3232,3200,3208,0,0,0
PLANT,2146,800,800,800,800,3128,3240,3168,3200,0,0,0
PLANT,2148,800,800,800,800,3096,3272,3112,3224,0,0,0
PLANT,2150,800,800,800,800,3080,3224,3096,3208,0,0,0
PLANT,2152,800,800,800,800,3120,3216,3224,3200,0,0,0
PLANT,2154,800,800,800,800,3160,3232,3216,3192,0,0,0
PLANT,2156,800,800,800,800,3064,3288,3120,3224,0,0,0
PLANT,2158,800,800,800,800,3072,3248,3072,3256,0,0,0
PLANT,2160,800,800,800,800,3064,3208,3128,3200,0,0,0
PLANT,2162,800,800,800,800,3056,3200,3200,3192,0,0,0
PLANT,2164,800,800,800,800,3136,3232,3168,3232,0,0,0
PLANT,2166,800,800,800,800,3136,3256,3120,3280,0,0,0
PLANT,2168,800,800,800,800,3088,3232,3096,3152,0,0,0
PLANT,2170,800,800,800,800,3112,3216,3216,3200,0,0,0
PLANT,2172,800,800,800,800,3128,3216,3176,3248,0,0,0
PLANT,2174,800,800,800,800,3152,3264,3120,3208,0,0,0
PLANT,2176,800,800,800,800,3080,3224,3088,3208,0,0,0
PLANT,2178,800,800,800,800,3120,3168,3224,3232,0,0,0
PLANT,2180,800,800,800,800,3072,3224,3216,3176,0,0,0
PLANT,2182,800,800,800,800,3128,3264,3152,3232,0,0,0
PLANT,2184,800,800,800,800,3072,3208,3088,3200,0,0,0
PLANT,2186,800,800,800,800,3104,3208,3088,3224,0,0,0
PLANT,2188,800,800,800,800,3064,3208,3216,3216,0,0,0
PLANT,2190,800,800,800,800,3136,3232,3160,3248,0,0,0
PLANT,2192,800,800,800,800,3120,3224,3104,3200,0,0,0
PLANT,2194,800,800,800,800,3096,3208,3072,3200,0,0,0
PLANT,2196,800,800,800,800,3080,3200,3216,3232,0,0,0
PLANT,2198,800,800,800,800,3072,3240,3216,3224,0,0,0
PLANT,2200,2500,2500,2500,2500,3136,3224,3168,3208,0,0,0
PLANT,2202,2500,2500,2500,2500,3456,3832,3312,3784,0,0,0
PLANT,2204,2500,2500,2500,2500,2784,3072,2816,3032,0,0,0
PLANT,2206,2500,2500,2500,2500,2592,2800,2768,2800,0,0,0
PLANT,2208,2500,2500,2500,2500,2400,2704,2528,2744,0,0,0
PLANT,2210,2500,2500,2500,2500,2296,2600,2312,2600,0,0,0
PLANT,2212,2500,2500,2500,2500,2256,2472,2224,2472,0,0,0
PLANT,2214,2500,2500,2500,2500,2072,2384,2128,2416,0,0,0
PLANT,2216,2500,2500,2500,2500,2080,2280,2048,2200,0,0,0
PLANT,2218,2500,2500,2500,2500,1872,2208,1988,2208,0,0,0
PLANT,2220,2500,2500,2500,2500,1848,2096,1848,2152,0,0,0
PLANT,2222,2500,2500,2500,2500,1800,2072,1800,2088,0,0,0
PLANT,2224,2500,2500,2500,2500,1732,2044,1800,1996,0,0,0
PLANT,2226,2500,2500,2500,2500,1744,1940,1740,1924,0,0,0
PLANT,2228,2500,2500,2500,2500,1648,1904,1700,1892,0,0,0
PLANT,2230,2500,2500,2500,2500,1644,1856,1648,1864,0,0,0
PLANT,2232,2500,2500,2500,2500,1560,1840,1648,1828,0,0,0
PLANT,2234,2500,2500,2500,2500,1580,1796,1572,1796,0,0,0
PLANT,2236,2500,2500,2500,2500,1532,1800,1636,1792,0,0,0
PLANT,2238,2500,2500,2500,2500,1520,1728,1544,1724,0,0,0
PLANT,2240,2500,2500,2500,2500,1500,1712,1552,1704,0,0,0
PLANT,2242,2500,2500,2500,2500,1496,1676,1564,1748,0,0,0
PLANT,2244,2500,2500,2500,2500,1484,1632,1472,1664,0,0,0
PLANT,2246,2500,2500,2500,2500,1468,1644,1556,1636,0,0,0
PLANT,2248,2500,2500,2500,2500,1444,1624,1488,1640,0,0,0
PLANT,2250,2500,2500,2500,2500,1440,1584,1456,1628,0,0,0
PLANT,2252,2500,2500,2500,2500,1412,1584,1452,1568,0,0,0
PLANT,2254,2500,2500,2500,2500,1412,1540,1428,1580,0,0,0
PLANT,2256,2500,2500,2500,2500,1392,1604,1448,1544,0,0,0
PLANT,2258,2500,2500,2500,2500,1460,1568,1456,1536,0,0,0
PLANT,2260,2500,2500,2500,2500,1404,1516,1408,1532,0,0,0
PLANT,2262,2500,2500,2500,2500,1380,1504,1440,1528,0,0,0
PLANT,2264,2500,2500,2500,2500,1424,1556,1424,1500,0,0,0
PLANT,2266,2500,2500,2500,2500,1404,1484,1448,1504,0,0,0
PLANT,2268,2500,2500,2500,2500,1376,1488,1404,1500,0,0,0
PLANT,2270,2500,2500,2500,2500,1360,1480,1368,1496,0,0,0
PLANT,2272,2500,2500,2500,2500,1352,1508,1432,1476,0,0,0
PLANT,2274,2500,2500,2500,2500,1380,1488,1384,1468,0,0,0
PLANT,2276,2500,2500,2500,2500,1312,1452,1364,1456,0,0,0
PLANT,2278,2500,2500,2500,2500,1348,1480,1368,1428,0,0,0
PLANT,2280,2500,2500,2500,2500,1348,1460,1384,1440,0,0,0
PLANT,2282,2500,2500,2500,2500,1344,1496,1384,1464,0,0,0
PLANT,2284,2500,2500,2500,2500,1364,1452,1360,1432,0,0,0
PLANT,2286,2500,2500,2500,2500,1340,1432,1364,1456,0,0,0
PLANT,2288,2500,2500,2500,2500,1352,1420,1384,1460,0,0,0
PLANT,2290,2500,2500,2500,2500,1316,1464,1372,1420,0,0,0
PLANT,2292,2500,2500,2500,2500,1324,1408,1328,1448,0,0,0
PLANT,2294,2500,2500,2500,2500,1292,1452,1348,1404,0,0,0
PLANT,2296,2500,2500,2500,2500,1352,1436,1332,1436,0,0,0
PLANT,2298,2500,2500,2500,2500,1328,1412,1320,1404,0,0,0
PLANT,2300,2500,2500,2500,2500,1312,1400,1348,1408,0,0,0
PLANT,2302,2500,2500,2500,2500,1324,1428,1364,1400,0,0,0
PLANT,2304,2500,2500,2500,2500,1312,1392,1320,1404,0,0,0
PLANT,2306,2500,2500,2500,2500,1268,1420,1336,1392,0,0,0
PLANT,2308,2500,2500,2500,2500,1316,1388,1312,1400,0,0,0
PLANT,2310,2500,2500,2500,2500,1332,1376,1276,1372,0,0,0
PLANT,2312,2500,2500,2500,2500,1304,1388,1348,1388,0,0,0
PLANT,2314,2500,2500,2500,2500,1272,1388,1324,1380,0,0,0
PLANT,2316,2500,2500,2500,2500,1268,1376,1324,1388,0,0,0
PLANT,2318,2500,2500,2500,2500,1296,1368,1292,1412,0,0,0
PLANT,2320,2500,2500,2500,2500,1288,1416,1308,1420,0,0,0
PLANT,2322,2500,2500,2500,2500,1252,1404,1332,1364,0,0,0
PLANT,2324,2500,2500,2500,2500,1324,1380,1316,1368,0,0,0
PLANT,2326,2500,2500,2500,2500,1304,0,1320,1368,0,0,0
PLANT,2328,2500,2500,2500,2500,1296,1408,1344,1364,0,0,0
PLANT,2330,2500,2500,2500,2500,1292,1384,1304,1344,0,0,0
PLANT,2332,2500,2500,2500,2500,1268,1368,1316,1356,0,0,0
PLANT,2334,2500,2500,2500,2500,1252,1356,1308,1364,0,0,0
PLANT,2336,2500,2500,2500,2500,1256,1360,1280,1356,0,0,0
PLANT,2338,2500,2500,2500,2500,1248,1372,1304,1376,0,0,0
PLANT,2340,2500,2500,2500,2500,1268,1396,1296,1352,0,0,0
PLANT,2342,2500,2500,2500,2500,1288,1336,1300,1356,0,0,0
PLANT,2344,2500,2500,2500,2500,1300,1332,1304,1332,0,0,0
PLANT,2346,2500,2500,2500,2500,1324,1352,1248,1360,0,0,0
PLANT,2348,2500,2500,2500,2500,1260,1392,1284,1324,0,0,0
PLANT,2350,2500,2500,2500,2500,1280,1360,1284,1352,0,0,0
PLANT,2352,2500,2500,2500,2500,1272,1356,1252,1336,0,0,0
PLANT,2354,2500,2500,2500,2500,1292,1336,1248,1344,0,0,0
PLANT,2356,2500,2500,2500,2500,1228,1328,1256,1348,0,0,0
PLANT,2358,2500,2500,2500,2500,1252,1344,1252,1300,0,0,0
PLANT,2360,2500,2500,2500,2500,1260,1364,1312,1352,0,0,0
PLANT,2362,2500,2500,2500,2500,1324,1328,1272,1356,0,0,0
PLANT,2364,2500,2500,2500,2500,1228,1344,1288,1328,0,0,0
PLANT,2366,2500,2500,2500,2500,1280,0,1268,1336,0,0,0
PLANT,2368,2500,2500,2500,2500,1272,1332,1280,1320,0,0,0
PLANT,2370,2500,2500,2500,2500,1264,1324,1272,1336,0,0,0
PLANT,2372,2500,2500,2500,2500,1292,1356,1284,1340,0,0,0
PLANT,2374,2500,2500,2500,2500,1292,1304,1280,1348,0,0,0
PLANT,2376,2500,2500,2500,2500,1264,1348,1288,1312,0,0,0
PLANT,2378,2500,2500,2500,2500,1256,1280,1276,1344,0,0,0
PLANT,2380,2500,2500,2500,2500,1280,1336,1336,1336,0,0,0
PLANT,2382,2500,2500,2500,2500,1228,0,1304,1332,0,0,0
PLANT,2384,2500,2500,2500,2500,1260,1348,1272,1340,0,0,0
PLANT,2386,2500,2500,2500,2500,1288,1304,1240,1300,0,0,0
PLANT,2388,2500,2500,2500,2500,1236,1340,1268,1312,0,0,0
PLANT,2390,2500,2500,2500,2500,1280,0,1272,1300,0,0,0
PLANT,2392,2500,2500,2500,2500,1220,1336,1284,1344,0,0,0
PLANT,2394,2500,2500,2500,2500,1264,1328,1288,1304,0,0,0
PLANT,2396,2500,2500,2500,2500,1268,1300,1300,1308,0,0,0
PLANT,2398,2500,2500,2500,2500,1248,1348,1320,1368,0,0,0
PLANT,2400,2500,2500,2500,2500,1320,1300,1320,1316,0,0,0
PLANT,2402,2500,2500,2500,2500,1308,0,1260,1308,0,0,0
PLANT,2404,2500,2500,2500,2500,1268,1320,1292,1332,0,0,0
PLANT,2406,2500,2500,2500,2500,1284,1280,1264,1308,0,0,0
PLANT,2408,2500,2500,2500,2500,1288,1328,1280,1284,0,0,0
PLANT,2410,2500,2500,2500,2500,1244,1312,1296,1328,0,0,0
PLANT,2412,2500,2500,2500,2500,1280,1316,1296,1328,0,0,0
PLANT,2414,2500,2500,2500,2500,1236,1340,1248,1268,0,0,0
PLANT,2416,2500,2500,2500,2500,1252,1336,1244,1320,0,0,0
PLANT,2418,2500,2500,2500,2500,1276,1340,1276,1316,0,0,0
PLANT,2420,2500,2500,2500,2500,1216,1328,1300,1304,0,0,0
PLANT,2422,2500,2500,2500,2500,1284,1296,1292,1308,0,0,0
PLANT,2424,2500,2500,2500,2500,1232,1324,1304,1308,0,0,0
PLANT,2426,2500,2500,2500,2500,1264,1316,1276,1308,0,0,0
PLANT,2428,2500,2500,2500,2500,1284,1344,1252,1332,0,0,0
PLANT,2430,2500,2500,2500,2500,1256,0,1292,1328,0,0,0
PLANT,2432,2500,2500,2500,2500,1264,1344,1296,1316,0,0,0
PLANT,2434,2500,2500,2500,2500,1296,1336,1300,1292,0,0,0
PLANT,2436,2500,2500,2500,2500,1256,1308,1240,1324,0,0,0
PLANT,2438,2500,2500,2500,2500,1248,1324,1256,1328,0,0,0
PLANT,2440,2500,2500,2500,2500,1244,1288,1268,1320,0,0,0
PLANT,2442,2500,2500,2500,2500,1284,1328,1308,1276,0,0,0
PLANT,2444,2500,2500,2500,2500,1244,1276,1268,1328,0,0,0
PLANT,2446,2500,2500,2500,2500,1264,1332,1300,1312,0,0,0
PLANT,2448,2500,2500,2500,2500,1296,1312,1312,1300,0,0,0
PLANT,2450,2500,2500,2500,2500,1232,1316,1292,1292,0,0,0
PLANT,2452,2500,2500,2500,2500,1276,1276,1240,1328,0,0,0
PLANT,2454,2500,2500,2500,2500,1280,1320,1264,1332,0,0,0
PLANT,2456,2500,2500,2500,2500,1260,1324,1280,1308,0,0,0
PLANT,2458,2500,2500,2500,2500,1288,1276,1268,1288,0,0,0
PLANT,2460,2500,2500,2500,2500,1260,1308,1224,1300,0,0,0
PLANT,2462,2500,2500,2500,2500,1316,1320,1264,1312,0,0,0
PLANT,2464,2500,2500,2500,2500,1220,1324,1272,1308,0,0,0
PLANT,2466,2500,2500,2500,2500,1264,1308,1256,1312,0,0,0
PLANT,2468,2500,2500,2500,2500,1292,1308,1284,1304,0,0,0
PLANT,2470,2500,2500,2500,2500,1264,1328,1284,1296,0,0,0
PLANT,2472,2500,2500,2500,2500,1284,1328,1252,1292,0,0,0
PLANT,2474,2500,2500,2500,2500,1220,1288,1296,1312,0,0,0
PLANT,2476,2500,2500,2500,2500,1256,0,1264,1328,0,0,0
PLANT,2478,2500,2500,2500,2500,1276,1320,1284,1300,0,0,0
PLANT,2480,2500,2500,2500,2500,1252,1328,1272,1292,0,0,0
PLANT,2482,2500,2500,2500,2500,1280,1324,1280,1312,0,0,0
PLANT,2484,2500,2500,2500,2500,1272,1292,1316,1284,0,0,0
PLANT,2486,2500,2500,2500,2500,1276,1280,1252,1332,0,0,0
PLANT,2488,2500,2500,2500,2500,1300,1340,1268,1332,0,0,0
PLANT,2490,2500,2500,2500,2500,1280,1312,1296,1312,0,0,0
PLANT,2492,2500,2500,2500,2500,1300,1280,1292,1336,0,0,0
PLANT,2494,2500,2500,2500,2500,1228,1296,1272,1300,0,0,0
PLANT,2496,2500,2500,2500,2500,1236,1328,1292,1276,0,0,0
PLANT,2498,2500,2500,2500,2500,1276,1324,1284,1324,0,0,0
PLANT,2500,2500,2500,2500,2500,1244,1328,1284,1328,0,0,0
PLANT,2502,2500,2500,2500,2500,1276,1280,1288,1312,0,0,0
PLANT,2504,2500,2500,2500,2500,1280,1300,1292,1312,0,0,0
PLANT,2506,2500,2500,2500,2500,1256,1316,1236,1332,0,0,0
PLANT,2508,2500,2500,2500,2500,1260,1328,1268,1320,0,0,0
PLANT,2510,2500,2500,2500,2500,1236,1336,1272,1284,0,0,0
PLANT,2512,2500,2500,2500,2500,1272,1288,1216,1260,0,0,0
PLANT,2514,2500,2500,2500,2500,1244,1316,1264,1312,0,0,0
PLANT,2516,2500,2500,2500,2500,1284,1316,1296,1312,0,0,0
PLANT,2518,2500,2500,2500,2500,1288,1316,1312,1340,0,0,0
PLANT,2520,2500,2500,2500,2500,1268,1292,1264,1320,0,0,0
PLANT,2522,2500,2500,2500,2500,1292,1348,1272,1312,0,0,0
PLANT,2524,2500,2500,2500,2500,1264,1328,1244,1292,0,0,0
PLANT,2526,2500,2500,2500,2500,1300,1328,1280,1268,0,0,0
PLANT,2528,2500,2500,2500,2500,1232,1308,1304,1284,0,0,0
PLANT,2530,2500,2500,2500,2500,1268,1292,1240,1312,0,0,0
PLANT,2532,2500,2500,2500,2500,1236,1328,1256,1320,0,0,0
PLANT,2534,2500,2500,2500,2500,1260,1336,1280,1308,0,0,0
PLANT,2536,2500,2500,2500,2500,1240,1308,1292,1312,0,0,0
PLANT,2538,2500,2500,2500,2500,1244,1300,1220,1332,0,0,0
PLANT,2540,2500,2500,2500,2500,1220,1344,1248,1284,0,0,0
PLANT,2542,2500,2500,2500,2500,1276,1340,1300,1252,0,0,0
PLANT,2544,2500,2500,2500,2500,1212,1348,1244,1308,0,0,0
PLANT,2546,2500,2500,2500,2500,1284,1304,1288,1320,0,0,0
PLANT,2548,2500,2500,2500,2500,1216,1256,1316,1312,0,0,0
PLANT,2550,2500,2500,2500,2500,1272,1312,1272,1340,0,0,0
PLANT,2552,2500,2500,2500,2500,1236,1324,1288,1316,0,0,0
PLANT,2554,2500,2500,2500,2500,1264,1304,1308,1312,0,0,0
PLANT,2556,2500,2500,2500,2500,1240,1284,1236,1292,0,0,0
PLANT,2558,2500,2500,2500,2500,1264,1336,1268,1260,0,0,0
PLANT,2560,2500,2500,2500,2500,1256,1336,1272,1256,0,0,0
PLANT,2562,2500,2500,2500,2500,1264,1332,1236,1308,0,0,0
PLANT,2564,2500,2500,2500,2500,1224,1280,1276,1312,0,0,0
PLANT,2566,2500,2500,2500,2500,1260,1280,1284,1320,0,0,0
PLANT,2568,2500,2500,2500,2500,1232,1320,1244,1300,0,0,0
PLANT,2570,2500,2500,2500,2500,1268,1332,1292,1308,0,0,0
PLANT,2572,2500,2500,2500,2500,1284,1368,1308,1280,0,0,0
PLANT,2574,2500,2500,2500,2500,1256,1288,1280,1256,0,0,0
PLANT,2576,2500,2500,2500,2500,1252,1292,1280,1320,0,0,0
PLANT,2578,2500,2500,2500,2500,1256,1324,1296,1320,0,0,0
PLANT,2580,2500,2500,2500,2500,1208,1312,1292,1328,0,0,0
PLANT,2582,2500,2500,2500,2500,1260,1308,1240,1292,0,0,0
PLANT,2584,2500,2500,2500,2500,1276,1312,1288,1288,0,0,0
PLANT,2586,2500,2500,2500,2500,1252,1328,1248,1272,0,0,0
PLANT,2588,2500,2500,2500,2500,1280,1300,1228,1304,0,0,0
PLANT,2590,2500,2500,2500,2500,1248,1308,1272,1288,0,0,0
PLANT,2592,2500,2500,2500,2500,1284,1300,1228,1336,0,0,0
PLANT,2594,2500,2500,2500,2500,1252,1276,1244,1304,0,0,0
PLANT,2596,2500,2500,2500,2500,1244,1352,1296,1296,0,0,0
PLANT,2598,2500,2500,2500,2500,1256,1316,1296,1324,0,0,0
PLANT,2600,800,800,800,800,1260,1320,1260,1276,0,0,0
PLANT,2602,800,800,800,800,1324,0,1280,1288,0,0,0
PLANT,2604,800,800,800,800,1296,1352,1368,1388,0,0,0
PLANT,2606,800,800,800,800,1392,1420,1400,1432,0,0,0
PLANT,2608,800,800,800,800,1428,1464,1464,1464,0,0,0
PLANT,2610,800,800,800,800,1508,1496,1512,1508,0,0,0
PLANT,2612,800,800,800,800,1572,1556,1624,1560,0,0,0
PLANT,2614,800,800,800,800,1608,1632,1648,1596,0,0,0
PLANT,2616,800,800,800,800,1712,1660,1776,1644,0,0,0
PLANT,2618,800,800,800,800,1772,1692,1792,1692,0,0,0
PLANT,2620,800,800,800,800,1812,1736,1840,1700,0,0,0
PLANT,2622,800,800,800,800,1892,1820,1920,1792,0,0,0
PLANT,2624,800,800,800,800,1916,1836,1972,1836,0,0,0
PLANT,2626,800,800,800,800,2004,1880,2048,1880,0,0,0
PLANT,2628,800,800,800,800,2024,1932,2112,1908,0,0,0
PLANT,2630,800,800,800,800,2064,1956,2136,1940,0,0,0
PLANT,2632,800,800,800,800,2176,2044,2152,2008,0,0,0
PLANT,2634,800,800,800,800,2184,2040,2296,2024,0,0,0
PLANT,2636,800,800,800,800,2264,2072,2312,2104,0,0,0
PLANT,2638,800,800,800,800,2288,2128,2328,2096,0,0,0
PLANT,2640,800,800,800,800,2272,2168,2360,2144,0,0,0
PLANT,2642,800,800,800,800,2336,2168,2400,2216,0,0,0
PLANT,2644,800,800,800,800,2392,2232,2488,2232,0,0,0
PLANT,2646,800,800,800,800,2424,2216,2496,2272,0,0,0
PLANT,2648,800,800,800,800,2464,2304,2568,2288,0,0,0
PLANT,2650,800,800,800,800,2472,2312,2584,2328,0,0,0
PLANT,2652,800,800,800,800,2520,2352,2616,2360,0,0,0
PLANT,2654,800,800,800,800,2576,2392,2664,2440,0,0,0
PLANT,2656,800,800,800,800,2624,2464,2664,2464,0,0,0
PLANT,2658,800,800,800,800,2680,2448,2696,2504,0,0,0
PLANT,2660,800,800,800,800,2696,2472,2696,2480,0,0,0
PLANT,2662,800,800,800,800,2712,2552,2688,2552,0,0,0
PLANT,2664,800,800,800,800,2704,2584,2784,2608,0,0,0
PLANT,2666,800,800,800,800,2744,2568,2800,2632,0,0,0
PLANT,2668,800,800,800,800,2768,2616,2896,2632,0,0,0
PLANT,2670,800,800,800,800,2824,2664,2936,2688,0,0,0
PLANT,2672,800,800,800,800,2856,2680,2896,2736,0,0,0
PLANT,2674,800,800,800,800,2888,2744,2936,2784,0,0,0
PLANT,2676,800,800,800,800,2904,2760,2960,2704,0,0,0
PLANT,2678,800,800,800,800,2936,2776,2912,2776,0,0,0
PLANT,2680,800,800,800,800,2952,2784,3032,2800,0,0,0
PLANT,2682,800,800,800,800,2928,2808,2960,2848,0,0,0
PLANT,2684,800,800,800,800,3000,2808,3024,2832,0,0,0
PLANT,2686,800,800,800,800,2992,2832,2952,2872,0,0,0
PLANT,2688,800,800,800,800,2952,2928,2984,2904,0,0,0
PLANT,2690,800,800,800,800,2976,2960,3136,2920,0,0,0
PLANT,2692,800,800,800,800,2984,2912,3048,2912,0,0,0
PLANT,2694,800,800,800,800,3000,2976,3040,2928,0,0,0
PLANT,2696,800,800,800,800,3016,2976,3000,3016,0,0,0
PLANT,2698,800,800,800,800,3000,2944,3040,3032,0,0,0
PLANT,2700,800,800,800,800,3048,3032,3136,2992,0,0,0
PLANT,2702,800,800,800,800,3016,3048,3024,3000,0,0,0
PLANT,2704,800,800,800,800,3056,3024,3088,3032,0,0,0
PLANT,2706,800,800,800,800,3080,3048,3008,3080,0,0,0
PLANT,2708,800,800,800,800,3056,3008,3176,3080,0,0,0
PLANT,2710,800,800,800,800,3064,3048,3224,3088,0,0,0
PLANT,2712,800,800,800,800,3032,3048,3088,3064,0,0,0
PLANT,2714,800,800,800,800,3104,3088,3064,3080,0,0,0
PLANT,2716,800,800,800,800,3128,3080,3072,3056,0,0,0
PLANT,2718,800,800,800,800,3048,3040,3168,3152,0,0,0
PLANT,2720,800,800,800,800,3104,3104,3088,3072,0,0,0
PLANT,2722,800,800,800,800,3040,3088,3096,3136,0,0,0
PLANT,2724,800,800,800,800,3120,3128,3120,3144,0,0,0
PLANT,2726,800,800,800,800,3128,3080,3080,3144,0,0,0
PLANT,2728,800,800,800,800,3120,3112,3216,3152,0,0,0
PLANT,2730,800,800,800,800,3032,3176,3144,3120,0,0,0
PLANT,2732,800,800,800,800,3128,3112,3104,3144,0,0,0
PLANT,2734,800,800,800,800,3136,3160,3072,3176,0,0,0
PLANT,2736,800,800,800,800,3112,3160,3176,3192,0,0,0
PLANT,2738,800,800,800,800,3080,3200,3176,3128,0,0,0
PLANT,2740,800,800,800,800,3112,3176,3112,3152,0,0,0
PLANT,2742,800,800,800,800,3104,3184,3056,3168,0,0,0
PLANT,2744,800,800,800,800,3168,3176,3224,3208,0,0,0
PLANT,2746,800,800,800,800,3072,3112,3208,3216,0,0,0
PLANT,2748,800,800,800,800,3144,3176,3088,3192,0,0,0
PLANT,2750,800,800,800,800,3128,3168,3096,3120,0,0,0
PLANT,2752,800,800,800,800,3120,3176,3136,3184,0,0,0
PLANT,2754,800,800,800,800,3176,3176,3208,3256,0,0,0
PLANT,2756,800,800,800,800,3088,3224,3144,3168,0,0,0
PLANT,2758,800,800,800,800,3128,3208,3112,3192,0,0,0
PLANT,2760,800,800,800,800,3096,3184,3120,3208,0,0,0
PLANT,2762,800,800,800,800,3152,3200,3232,3224,0,0,0
PLANT,2764,800,800,800,800,3096,3232,3224,3192,0,0,0
PLANT,2766,800,800,800,800,3096,3232,3128,3200,0,0,0
PLANT,2768,800,800,800,800,3152,3152,3088,3200,0,0,0
PLANT,2770,800,800,800,800,3136,3224,3144,3248,0,0,0
PLANT,2772,800,800,800,800,3176,3152,3216,3184,0,0,0
PLANT,2774,800,800,800,800,3120,3256,3136,3208,0,0,0
PLANT,2776,800,800,800,800,3064,3248,3120,3208,0,0,0
PLANT,2778,800,800,800,800,3152,3192,3096,3232,0,0,0
PLANT,2780,800,800,800,800,3184,3176,3224,3240,0,0,0
PLANT,2782,800,800,800,800,3112,3280,3152,3208,0,0,0
PLANT,2784,800,800,800,800,3096,3216,3120,3200,0,0,0
PLANT,2786,800,800,800,800,3112,3192,3088,3232,0,0,0
PLANT,2788,800,800,800,800,3152,3216,3224,3240,0,0,0
PLANT,2790,800,800,800,800,3192,3248,3224,3192,0,0,0
PLANT,2792,800,800,800,800,3128,3240,3152,3216,0,0,0
PLANT,2794,800,800,800,800,3064,3232,3104,3184,0,0,0
PLANT,2796,800,800,800,800,3112,3208,3096,3256,0,0,0
PLANT,2798,800,800,800,800,3176,3240,3216,3168,0,0,0
PLANT,2800,800,800,800,800,3136,3208,3160,3192,0,0,0
PLANT,2802,800,800,800,800,3152,3240,3096,3208,0,0,0
PLANT,2804,800,800,800,800,3128,3224,3104,3224,0,0,0
PLANT,2806,800,800,800,800,3104,3240,3280,3216,0,0,0
PLANT,2808,800,800,800,800,3176,3264,3224,3224,0,0,0
PLANT,2810,800,800,800,800,3096,3216,3152,3208,0,0,0
PLANT,2812,800,800,800,800,3128,3224,3152,3224,0,0,0
PLANT,2814,800,800,800,800,3136,3296,3096,3232,0,0,0
PLANT,2816,800,800,800,800,3136,3280,3240,3208,0,0,0
PLANT,2818,800,800,800,800,3160,3208,3136,3224,0,0,0
PLANT,2820,800,800,800,800,3096,3216,3160,3256,0,0,0
PLANT,2822,800,800,800,800,3144,3224,3128,3208,0,0,0
PLANT,2824,800,800,800,800,3056,3240,3256,3200,0,0,0
PLANT,2826,800,800,800,800,3168,3224,3136,3240,0,0,0
PLANT,2828,800,800,800,800,3120,3200,3168,3272,0,0,0
PLANT,2830,800,800,800,800,3104,3232,3144,3216,0,0,0
PLANT,2832,800,800,800,800,3120,3256,3224,3208,0,0,0
PLANT,2834,800,800,800,800,3184,3200,3256,3200,0,0,0
PLANT,2836,800,800,800,800,3152,3208,3120,3256,0,0,0
PLANT,2838,800,800,800,800,3088,3240,3144,3240,0,0,0
PLANT,2840,800,800,800,800,3104,3232,3136,3200,0,0,0
PLANT,2842,800,800,800,800,3120,3216,3224,3208,0,0,0
PLANT,2844,800,800,800,800,3152,3224,3168,3240,0,0,0
PLANT,2846,800,800,800,800,3144,3200,3112,3248,0,0,0
PLANT,2848,800,800,800,800,3064,3256,3112,3208,0,0,0
PLANT,2850,800,800,800,800,3112,3240,3256,3256,0,0,0
PLANT,2852,800,800,800,800,3064,3208,3160,3216,0,0,0
PLANT,2854,800,800,800,800,3144,3184,3152,3248,0,0,0
PLANT,2856,800,800,800,800,3152,3288,3096,3200,0,0,0
PLANT,2858,800,800,800,800,3096,3264,3312,3224,0,0,0
PLANT,2860,800,800,800,800,3128,3216,3248,3208,0,0,0
PLANT,2862,800,800,800,800,3208,3232,3160,3232,0,0,0
PLANT,2864,800,800,800,800,3152,3264,3160,3192,0,0,0
PLANT,2866,800,800,800,800,3112,3224,3128,3208,0,0,0
PLANT,2868,800,800,800,800,3096,3240,3296,3216,0,0,0
PLANT,2870,800,800,800,800,3112,3216,3136,3232,0,0,0
PLANT,2872,800,800,800,800,3152,3256,3152,3200,0,0,0
PLANT,2874,800,800,800,800,3144,3304,3168,3208,0,0,0
PLANT,2876,800,800,800,800,3080,3288,3224,3232,0,0,0
PLANT,2878,800,800,800,800,3096,3224,3136,3240,0,0,0
PLANT,2880,800,800,800,800,3184,3264,3144,3216,0,0,0
PLANT,2882,800,800,800,800,3152,3248,3152,3208,0,0,0
PLANT,2884,800,800,800,800,3120,3232,3240,3208,0,0,0
PLANT,2886,800,800,800,800,3112,3224,3240,3240,0,0,0
PLANT,2888,800,800,800,800,3128,3256,3136,3216,0,0,0
PLANT,2890,800,800,800,800,3168,3256,3088,3192,0,0,0
PLANT,2892,800,800,800,800,3112,3224,3128,3224,0,0,0
PLANT,2894,800,800,800,800,3088,3208,3232,3256,0,0,0
PLANT,2896,800,800,800,800,3096,3296,3160,3208,0,0,0
PLANT,2898,800,800,800,800,3184,3256,3136,3216,0,0,0
PLANT,2900,800,800,800,800,3120,3208,3120,3208,0,0,0
PLANT,2902,800,800,800,800,3112,3216,3216,3240,0,0,0
PLANT,2904,800,800,800,800,3088,3224,3208,3280,0,0,0
PLANT,2906,800,800,800,800,3112,3240,3152,3208,0,0,0
PLANT,2908,800,800,800,800,3152,3200,3088,3240,0,0,0
PLANT,2910,800,800,800,800,3144,3216,3128,3176,0,0,0
PLANT,2912,800,800,800,800,3112,3208,3216,3240,0,0,0
PLANT,2914,800,800,800,800,3056,3240,3160,3224,0,0,0
PLANT,2916,800,800,800,800,3128,3288,3136,3192,0,0,0
PLANT,2918,800,800,800,800,3160,3224,3120,3208,0,0,0
PLANT,2920,800,800,800,800,3088,3200,3264,3240,0,0,0
PLANT,2922,800,800,800,800,3080,3248,3160,3224,0,0,0
PLANT,2924,800,800,800,800,3080,3200,3152,3232,0,0,0
PLANT,2926,800,800,800,800,3152,3200,3088,3200,0,0,0
PLANT,2928,800,800,800,800,3160,3216,3296,3240,0,0,0
PLANT,2930,800,800,800,800,3120,3256,3232,3208,0,0,0
PLANT,2932,800,800,800,800,3104,3240,3168,3208,0,0,0
PLANT,2934,800,800,800,800,3112,3224,3160,3200,0,0,0
PLANT,2936,800,800,800,800,3168,3192,3112,3224,0,0,0
PLANT,2938,800,800,800,800,3096,3304,3296,3200,0,0,0
PLANT,2940,800,800,800,800,3112,3240,3144,3232,0,0,0
PLANT,2942,800,800,800,800,3072,3248,3168,3216,0,0,0
PLANT,2944,800,800,800,800,3136,3232,3160,3280,0,0,0
PLANT,2946,800,800,800,800,3176,3240,3256,3200,0,0,0
PLANT,2948,800,800,800,800,3080,3248,3272,3224,0,0,0
PLANT,2950,800,800,800,800,3064,3224,3152,3200,0,0,0
PLANT,2952,800,800,800,800,3096,3216,3152,3248,0,0,0
PLANT,2954,800,800,800,800,3160,3256,3136,3232,0,0,0
PLANT,2956,800,800,800,800,3120,3296,3264,3216,0,0,0
PLANT,2958,800,800,800,800,3120,3232,3144,3192,0,0,0
PLANT,2960,800,800,800,800,3144,3256,3112,3224,0,0,0
PLANT,2962,800,800,800,800,3096,3240,3144,3232,0,0,0
PLANT,2964,800,800,800,800,3160,3264,3256,3200,0,0,0
PLANT,2966,800,800,800,800,3088,3208,3104,3200,0,0,0
PLANT,2968,800,800,800,800,3096,3216,3136,3224,0,0,0
PLANT,2970,800,800,800,800,3080,3224,3160,3216,0,0,0
PLANT,2972,800,800,800,800,3152,3264,3208,3200,0,0,0
PLANT,2974,800,800,800,800,3144,3208,3264,3224,0,0,0
PLANT,2976,800,800,800,800,3128,3216,3120,3168,0,0,0
PLANT,2978,800,800,800,800,3096,3216,3120,3232,0,0,0
PLANT,2980,800,800,800,800,3112,3280,3160,3200,0,0,0
PLANT,2982,800,800,800,800,3160,3232,3256,3152,0,0,0
PLANT,2984,800,800,800,800,3072,3152,3104,3224,0,0,0
PLANT,2986,800,800,800,800,3080,3216,3136,3264,0,0,0
PLANT,2988,800,800,800,800,3072,3240,3128,3216,0,0,0
PLANT,2990,800,800,800,800,3160,3200,3224,3208,0,0,0
PLANT,2992,800,800,800,800,3168,3232,3080,3208,0,0,0
PLANT,2994,800,800,800,800,3088,3200,3112,3232,0,0,0
PLANT,2996,800,800,800,800,3072,3240,3120,3208,0,0,0
PLANT,2998,800,800,800,800,3088,3216,3240,3200,0,0,0
PLANT,3000,1200,1200,1200,1200,3184,3216,3232,3208,0,0,0
PLANT,3002,1200,1200,1200,1200,3136,3216,3112,3256,0,0,0
PLANT,3004,1200,1200,1200,1200,3000,3280,3072,3200,0,0,0
PLANT,3006,1200,1200,1200,1200,3000,3152,2960,3096,0,0,0
PLANT,3008,1200,1200,1200,1200,2912,3024,3032,3064,0,0,0
PLANT,3010,1200,1200,1200,1200,2920,3104,2984,3064,0,0,0
PLANT,3012,1200,1200,1200,1200,2856,2960,2856,3064,0,0,0
PLANT,3014,1200,1200,1200,1200,2880,2960,2816,2968,0,0,0
PLANT,3016,1200,1200,1200,1200,2776,3008,2792,2944,0,0,0
PLANT,3018,1200,1200,1200,1200,2760,2896,2720,2888,0,0,0
PLANT,3020,1200,1200,1200,1200,2720,2896,2696,2888,0,0,0
PLANT,3022,1200,1200,1200,1200,2704,2872,2704,2832,0,0,0
PLANT,3024,1200,1200,1200,1200,2680,2872,2768,2856,0,0,0
PLANT,3026,1200,1200,1200,1200,2664,2816,2744,2904,0,0,0
PLANT,3028,1200,1200,1200,1200,2608,2896,2760,2816,0,0,0
PLANT,3030,1200,1200,1200,1200,2696,2800,2688,2768,0,0,0
PLANT,3032,1200,1200,1200,1200,2648,2776,2608,2776,0,0,0
PLANT,3034,1200,1200,1200,1200,2632,2760,2576,2744,0,0,0
PLANT,3036,1200,1200,1200,1200,2624,2736,2608,2720,0,0,0
PLANT,3038,1200,1200,1200,1200,2576,2728,2576,2712,0,0,0
PLANT,3040,1200,1200,1200,1200,2544,2744,2544,2712,0,0,0
PLANT,3042,1200,1200,1200,1200,2544,2688,2512,2688,0,0,0
PLANT,3044,1200,1200,1200,1200,2552,2688,2512,2696,0,0,0
PLANT,3046,1200,1200,1200,1200,2496,2704,2496,2672,0,0,0
PLANT,3048,1200,1200,1200,1200,2512,2672,2504,2696,0,0,0
PLANT,3050,1200,1200,1200,1200,2472,2704,2480,2600,0,0,0
PLANT,3052,1200,1200,1200,1200,2464,0,2456,2584,0,0,0
PLANT,3054,1200,1200,1200,1200,2488,2616,2480,2600,0,0,0
PLANT,3056,1200,1200,1200,1200,2480,2576,2464,2576,0,0,0
PLANT,3058,1200,1200,1200,1200,2448,2584,2432,2544,0,0,0
PLANT,3060,1200,1200,1200,1200,2440,2552,2424,2528,0,0,0
PLANT,3062,1200,1200,1200,1200,2464,2576,2408,2544,0,0,0
PLANT,3064,1200,1200,1200,1200,2432,2560,2392,2536,0,0,0
PLANT,3066,1200,1200,1200,1200,2400,2576,2384,2560,0,0,0
PLANT,3068,1200,1200,1200,1200,2376,2568,2376,2496,0,0,0
PLANT,3070,1200,1200,1200,1200,2360,2496,2376,2520,0,0,0
PLANT,3072,1200,1200,1200,1200,2368,2536,2368,2488,0,0,0
PLANT,3074,1200,1200,1200,1200,2336,2472,2360,2488,0,0,0
PLANT,3076,1200,1200,1200,1200,2368,2480,2344,2496,0,0,0
PLANT,3078,1200,1200,1200,1200,2328,2504,2352,2464,0,0,0
PLANT,3080,1200,1200,1200,1200,2392,2456,2336,2456,0,0,0
PLANT,3082,1200,1200,1200,1200,2360,2440,2352,2432,0,0,0
PLANT,3084,1200,1200,1200,1200,2384,2528,2328,2464,0,0,0
PLANT,3086,1200,1200,1200,1200,2360,2464,2368,2480,0,0,0
PLANT,3088,1200,1200,1200,1200,2344,2472,2320,2448,0,0,0
PLANT,3090,1200,1200,1200,1200,2344,2472,2304,2448,0,0,0
PLANT,3092,1200,1200,1200,1200,2376,2488,2352,2392,0,0,0
PLANT,3094,1200,1200,1200,1200,2328,2432,2320,2392,0,0,0
PLANT,3096,1200,1200,1200,1200,2296,2456,2432,2384,0,0,0
PLANT,3098,1200,1200,1200,1200,2288,2416,2384,2416,0,0,0
PLANT,3100,1200,1200,1200,1200,2288,2408,2336,2400,0,0,0
PLANT,3102,1200,1200,1200,1200,2296,2376,2352,2384,0,0,0
PLANT,3104,1200,1200,1200,1200,2288,2376,2424,2392,0,0,0
PLANT,3106,1200,1200,1200,1200,2280,2416,2360,2408,0,0,0
PLANT,3108,1200,1200,1200,1200,2272,2400,2328,2360,0,0,0
PLANT,3110,1200,1200,1200,1200,2232,2384,2304,2360,0,0,0
PLANT,3112,1200,1200,1200,1200,2296,2392,2280,2376,0,0,0
PLANT,3114,1200,1200,1200,1200,2280,2408,2304,2336,0,0,0
PLANT,3116,1200,1200,1200,1200,2328,2360,2320,2400,0,0,0
PLANT,3118,1200,1200,1200,1200,2320,2368,2296,2392,0,0,0
PLANT,3120,1200,1200,1200,1200,2296,2408,2280,2344,0,0,0
PLANT,3122,1200,1200,1200,1200,2312,2424,2304,2344,0,0,0
PLANT,3124,1200,1200,1200,1200,2296,2376,2288,2352,0,0,0
PLANT,3126,1200,1200,1200,1200,2280,2400,2296,2336,0,0,0
PLANT,3128,1200,1200,1200,1200,2216,2376,2336,2336,0,0,0
PLANT,3130,1200,1200,1200,1200,2304,2376,2288,2352,0,0,0
PLANT,3132,1200,1200,1200,1200,2232,2384,2312,2352,0,0,0
PLANT,3134,1200,1200,1200,1200,2272,2360,2328,2344,0,0,0
PLANT,3136,1200,1200,1200,1200,2256,2360,2328,2344,0,0,0
PLANT,3138,1200,1200,1200,1200,2264,2368,2344,2344,0,0,0
PLANT,3140,1200,1200,1200,1200,2272,2408,2328,2392,0,0,0
PLANT,3142,1200,1200,1200,1200,2272,2352,2368,2328,0,0,0
PLANT,3144,1200,1200,1200,1200,2264,2416,2264,2368,0,0,0
PLANT,3146,1200,1200,1200,1200,2272,2360,2264,2352,0,0,0
PLANT,3148,1200,1200,1200,1200,2296,2400,2296,2344,0,0,0
PLANT,3150,1200,1200,1200,1200,2296,2360,2272,2416,0,0,0
PLANT,3152,1200,1200,1200,1200,2296,2392,2272,2352,0,0,0
PLANT,3154,1200,1200,1200,1200,2232,2360,2280,2328,0,0,0
PLANT,3156,1200,1200,1200,1200,2256,2408,2288,2336,0,0,0
PLANT,3158,1200,1200,1200,1200,2264,2352,2296,2328,0,0,0
PLANT,3160,1200,1200,1200,1200,2256,2416,2288,2312,0,0,0
PLANT,3162,1200,1200,1200,1200,2264,2376,2288,2352,0,0,0
PLANT,3164,1200,1200,1200,1200,2256,2336,2296,2312,0,0,0
PLANT,3166,1200,1200,1200,1200,2272,2344,2320,2336,0,0,0
PLANT,3168,1200,1200,1200,1200,2216,2352,2384,2344,0,0,0
PLANT,3170,1200,1200,1200,1200,2232,2312,2392,2328,0,0,0
PLANT,3172,1200,1200,1200,1200,2264,2336,2360,2320,0,0,0
PLANT,3174,1200,1200,1200,1200,2272,2384,2312,2336,0,0,0
PLANT,3176,1200,1200,1200,1200,2280,2328,2272,2304,0,0,0
PLANT,3178,1200,1200,1200,1200,2264,2376,2288,2336,0,0,0
PLANT,3180,1200,1200,1200,1200,2272,2336,2280,2336,0,0,0
PLANT,3182,1200,1200,1200,1200,2224,2360,2280,2328,0,0,0
PLANT,3184,1200,1200,1200,1200,2232,2352,2264,2384,0,0,0
PLANT,3186,1200,1200,1200,1200,2256,2376,2280,2360,0,0,0
PLANT,3188,1200,1200,1200,1200,2280,2344,2280,2352,0,0,0
PLANT,3190,1200,1200,1200,1200,2272,2368,2288,2336,0,0,0
PLANT,3192,1200,1200,1200,1200,2272,2344,2304,2376,0,0,0
PLANT,3194,1200,1200,1200,1200,2256,2344,2304,2344,0,0,0
PLANT,3196,1200,1200,1200,1200,2232,2368,2304,2352,0,0,0
PLANT,3198,1200,1200,1200,1200,2296,2336,2296,2376,0,0,0
PLANT,3200,1200,1200,1200,1200,2288,2400,2320,2336,0,0,0
PLANT,3202,1200,1200,1200,1200,2280,2336,2328,2336,0,0,0
PLANT,3204,1200,1200,1200,1200,2288,2424,2368,2328,0,0,0
PLANT,3206,1200,1200,1200,1200,2272,2344,2344,2336,0,0,0
PLANT,3208,1200,1200,1200,1200,2248,2368,2344,2336,0,0,0
PLANT,3210,1200,1200,1200,1200,2264,2424,2248,2312,0,0,0
PLANT,3212,1200,1200,1200,1200,2272,2344,2280,2352,0,0,0
PLANT,3214,1200,1200,1200,1200,2256,2408,2288,2320,0,0,0
PLANT,3216,1200,1200,1200,1200,2248,2368,2312,2328,0,0,0
PLANT,3218,1200,1200,1200,1200,2264,2328,2256,2368,0,0,0
PLANT,3220,1200,1200,1200,1200,2272,2344,2304,2328,0,0,0
PLANT,3222,1200,1200,1200,1200,2280,2344,2296,2312,0,0,0
PLANT,3224,1200,1200,1200,1200,2264,2360,2272,2344,0,0,0
PLANT,3226,1200,1200,1200,1200,2304,2312,2288,2336,0,0,0
PLANT,3228,1200,1200,1200,1200,2312,2408,2264,2352,0,0,0
PLANT,3230,1200,1200,1200,1200,2296,2352,2296,2408,0,0,0
PLANT,3232,1200,1200,1200,1200,2280,2304,2328,2336,0,0,0
PLANT,3234,1200,1200,1200,1200,2240,2368,2328,2336,0,0,0
PLANT,3236,1200,1200,1200,1200,2280,2360,2376,2368,0,0,0
PLANT,3238,1200,1200,1200,1200,2280,2400,2384,2368,0,0,0
PLANT,3240,1200,1200,1200,1200,2256,2344,2352,2328,0,0,0
PLANT,3242,1200,1200,1200,1200,2232,2344,2296,2288,0,0,0
PLANT,3244,1200,1200,1200,1200,2256,2352,2280,2368,0,0,0
PLANT,3246,1200,1200,1200,1200,2248,2352,2304,2312,0,0,0
PLANT,3248,1200,1200,1200,1200,2264,2376,2288,2312,0,0,0
PLANT,3250,1200,1200,1200,1200,2264,2328,2264,2336,0,0,0
PLANT,3252,1200,1200,1200,1200,2272,2392,2272,2344,0,0,0
PLANT,3254,1200,1200,1200,1200,2288,2360,2280,2312,0,0,0
PLANT,3256,1200,1200,1200,1200,2288,2368,2288,2328,0,0,0
PLANT,3258,1200,1200,1200,1200,2280,2408,2296,2320,0,0,0
PLANT,3260,1200,1200,1200,1200,2248,2336,2304,2320,0,0,0
PLANT,3262,1200,1200,1200,1200,2248,2360,2280,2304,0,0,0
PLANT,3264,1200,1200,1200,1200,2264,2368,2344,2376,0,0,0
PLANT,3266,1200,1200,1200,1200,2272,2352,2336,2312,0,0,0
PLANT,3268,1200,1200,1200,1200,2272,2392,2320,2312,0,0,0
PLANT,3270,1200,1200,1200,1200,2264,2328,2328,2368,0,0,0
PLANT,3272,1200,1200,1200,1200,2200,2328,2320,2360,0,0,0
PLANT,3274,1200,1200,1200,1200,2232,2344,2320,2336,0,0,0
PLANT,3276,1200,1200,1200,1200,2264,2352,2272,2352,0,0,0
PLANT,3278,1200,1200,1200,1200,2280,2352,2256,2368,0,0,0
PLANT,3280,1200,1200,1200,1200,2280,2328,2264,2320,0,0,0
PLANT,3282,1200,1200,1200,1200,2304,2328,2248,2336,0,0,0
PLANT,3284,1200,1200,1200,1200,2296,2352,2232,2352,0,0,0
PLANT,3286,1200,1200,1200,1200,2216,2344,2288,2304,0,0,0
PLANT,3288,1200,1200,1200,1200,2240,2352,2280,2304,0,0,0
PLANT,3290,1200,1200,1200,1200,2264,2328,2272,2328,0,0,0
PLANT,3292,1200,1200,1200,1200,2248,2336,2296,2360,0,0,0
PLANT,3294,1200,1200,1200,1200,2280,2352,2280,2328,0,0,0
PLANT,3296,1200,1200,1200,1200,2256,2312,2280,2304,0,0,0
PLANT,3298,1200,1200,1200,1200,2248,2368,2328,2312,0,0,0
PLANT,3300,1200,1200,1200,1200,2224,2344,2344,2336,0,0,0
PLANT,3302,1200,1200,1200,1200,2248,2368,2384,2296,0,0,0
PLANT,3304,1200,1200,1200,1200,2280,2408,2376,2312,0,0,0
PLANT,3306,1200,1200,1200,1200,2296,2352,2368,2320,0,0,0
PLANT,3308,1200,1200,1200,1200,2296,2408,2296,2312,0,0,0
PLANT,3310,1200,1200,1200,1200,2288,2352,2280,2320,0,0,0
PLANT,3312,1200,1200,1200,1200,2272,2384,2296,2336,0,0,0
PLANT,3314,1200,1200,1200,1200,2280,2400,2296,2352,0,0,0
PLANT,3316,1200,1200,1200,1200,2280,2360,2264,2344,0,0,0
PLANT,3318,1200,1200,1200,1200,2240,2368,2288,2336,0,0,0
PLANT,3320,1200,1200,1200,1200,2256,2336,2280,2344,0,0,0
PLANT,3322,1200,1200,1200,1200,2280,2328,2280,2376,0,0,0
PLANT,3324,1200,1200,1200,1200,2256,2360,2304,2320,0,0,0
PLANT,3326,1200,1200,1200,1200,2272,2328,2288,2344,0,0,0
PLANT,3328,1200,1200,1200,1200,2256,2352,2256,2344,0,0,0
PLANT,3330,1200,1200,1200,1200,2288,2360,2360,2320,0,0,0
PLANT,3332,1200,1200,1200,1200,2320,2320,2320,2312,0,0,0
PLANT,3334,1200,1200,1200,1200,2264,2376,2344,2320,0,0,0
PLANT,3336,1200,1200,1200,1200,2272,2320,2304,2328,0,0,0
PLANT,3338,1200,1200,1200,1200,2280,2344,2320,2320,0,0,0
PLANT,3340,1200,1200,1200,1200,2280,2344,2280,2304,0,0,0
PLANT,3342,1200,1200,1200,1200,2280,2336,2256,2344,0,0,0
PLANT,3344,1200,1200,1200,1200,2272,2360,2272,2320,0,0,0
PLANT,3346,1200,1200,1200,1200,2264,2352,2288,2304,0,0,0
PLANT,3348,1200,1200,1200,1200,2224,2360,2264,2320,0,0,0
PLANT,3350,1200,1200,1200,1200,2272,2352,2264,2344,0,0,0
PLANT,3352,1200,1200,1200,1200,2256,2344,2320,2328,0,0,0
PLANT,3354,1200,1200,1200,1200,2256,2416,2280,2360,0,0,0
PLANT,3356,1200,1200,1200,1200,2264,2352,2296,2384,0,0,0
PLANT,3358,1200,1200,1200,1200,2280,2376,2304,2360,0,0,0
PLANT,3360,1200,1200,1200,1200,2288,2360,2296,2328,0,0,0
PLANT,3362,1200,1200,1200,1200,2272,0,2296,2352,0,0,0
PLANT,3364,1200,1200,1200,1200,2304,2416,2320,2368,0,0,0
PLANT,3366,1200,1200,1200,1200,2232,2352,2336,2312,0,0,0
PLANT,3368,1200,1200,1200,1200,2264,2336,2352,2320,0,0,0
PLANT,3370,1200,1200,1200,1200,2264,2336,2360,2320,0,0,0
PLANT,3372,1200,1200,1200,1200,2264,2328,2368,2320,0,0,0
PLANT,3374,1200,1200,1200,1200,2272,2392,2248,2320,0,0,0
PLANT,3376,1200,1200,1200,1200,2256,2328,2280,2304,0,0,0
PLANT,3378,1200,1200,1200,1200,2224,2328,2280,2296,0,0,0
PLANT,3380,1200,1200,1200,1200,2240,2336,2296,2328,0,0,0
PLANT,3382,1200,1200,1200,1200,2248,2336,2296,2320,0,0,0
PLANT,3384,1200,1200,1200,1200,2280,0,2296,2336,0,0,0
PLANT,3386,1200,1200,1200,1200,2296,2336,2280,2336,0,0,0
PLANT,3388,1200,1200,1200,1200,2272,2336,2288,2304,0,0,0
PLANT,3390,1200,1200,1200,1200,2320,2344,2288,2320,0,0,0
PLANT,3392,1200,1200,1200,1200,2240,2344,2280,2328,0,0,0
PLANT,3394,1200,1200,1200,1200,2272,2360,2272,2336,0,0,0
PLANT,3396,1200,1200,1200,1200,2248,2368,2336,2336,0,0,0
PLANT,3398,1200,1200,1200,1200,2240,2328,2360,2344,0,0,0
PLANT,3400,800,800,800,800,2272,2360,2384,2344,0,0,0
PLANT,3402,800,800,800,800,2272,2368,2376,2352,0,0,0
PLANT,3404,800,800,800,800,2312,2400,2360,2368,0,0,0
PLANT,3406,800,800,800,800,2376,2480,2480,2408,0,0,0
PLANT,3408,800,800,800,800,2368,2488,2488,2440,0,0,0
PLANT,3410,800,800,800,800,2400,2496,2528,2464,0,0,0
PLANT,3412,800,800,800,800,2432,2504,2528,2536,0,0,0
PLANT,3414,800,800,800,800,2512,2560,2600,2544,0,0,0
PLANT,3416,800,800,800,800,2536,2600,2632,2568,0,0,0
PLANT,3418,800,800,800,800,2536,2592,2664,2640,0,0,0
PLANT,3420,800,800,800,800,2608,2640,2608,2640,0,0,0
PLANT,3422,800,800,800,800,2616,2664,2672,2608,0,0,0
PLANT,3424,800,800,800,800,2688,2736,2752,2680,0,0,0
PLANT,3426,800,800,800,800,2672,2744,2728,2712,0,0,0
PLANT,3428,800,800,800,800,2768,2776,2768,2752,0,0,0
PLANT,3430,800,800,800,800,2832,2792,2824,2752,0,0,0
PLANT,3432,800,800,800,800,2776,2872,2920,2800,0,0,0
PLANT,3434,800,800,800,800,2800,2816,2904,2848,0,0,0
PLANT,3436,800,800,800,800,2816,2880,2904,2840,0,0,0
PLANT,3438,800,800,800,800,2848,2856,2880,2856,0,0,0
PLANT,3440,800,800,800,800,2880,2896,2904,2880,0,0,0
PLANT,3442,800,800,800,800,2920,2920,2944,2864,0,0,0
PLANT,3444,800,800,800,800,2960,2960,3056,2936,0,0,0
PLANT,3446,800,800,800,800,2904,2928,3048,2920,0,0,0
PLANT,3448,800,800,800,800,2984,2992,2976,2992,0,0,0
PLANT,3450,800,800,800,800,2992,3048,2960,2968,0,0,0
PLANT,3452,800,800,800,800,2944,2952,2984,2952,0,0,0
PLANT,3454,800,800,800,800,3072,3056,3136,2960,0,0,0
PLANT,3456,800,800,800,800,2960,3016,3144,3016,0,0,0
PLANT,3458,800,800,800,800,2960,3000,3064,3040,0,0,0
PLANT,3460,800,800,800,800,2984,3064,3016,3016,0,0,0
PLANT,3462,800,800,800,800,3000,3064,3096,3024,0,0,0
PLANT,3464,800,800,800,800,3088,3064,3168,3064,0,0,0
PLANT,3466,800,800,800,800,3048,3056,3040,3096,0,0,0
PLANT,3468,800,800,800,800,3040,3104,3104,3072,0,0,0
PLANT,3470,800,800,800,800,3016,3040,3072,3056,0,0,0
PLANT,3472,800,800,800,800,3016,3072,3104,3064,0,0,0
PLANT,3474,800,800,800,800,3128,3120,3224,3088,0,0,0
PLANT,3476,800,800,800,800,3032,3128,3088,3160,0,0,0
PLANT,3478,800,800,800,800,3040,3112,3064,3120,0,0,0
PLANT,3480,800,800,800,800,3072,3136,3096,3104,0,0,0
PLANT,3482,800,800,800,800,3096,3144,3184,3072,0,0,0
PLANT,3484,800,800,800,800,3088,3184,3248,3120,0,0,0
PLANT,3486,800,800,800,800,3080,3112,3112,3160,0,0,0
PLANT,3488,800,800,800,800,3064,3112,3136,3120,0,0,0
PLANT,3490,800,800,800,800,3040,3160,3072,3136,0,0,0
PLANT,3492,800,800,800,800,3120,3176,3216,3120,0,0,0
PLANT,3494,800,800,800,800,3128,3136,3144,3168,0,0,0
PLANT,3496,800,800,800,800,3096,3168,3120,3184,0,0,0
PLANT,3498,800,800,800,800,3072,3160,3104,3168,0,0,0
PLANT,3500,800,800,800,800,3120,3200,3224,3136,0,0,0
PLANT,3502,800,800,800,800,3104,3208,3240,3160,0,0,0
PLANT,3504,800,800,800,800,3152,3160,3136,3184,0,0,0
PLANT,3506,800,800,800,800,3072,3136,3120,3184,0,0,0
PLANT,3508,800,800,800,800,3128,3176,3152,3120,0,0,0
PLANT,3510,800,800,800,800,3104,3200,3248,3208,0,0,0
PLANT,3512,800,800,800,800,3160,3176,3128,3192,0,0,0
PLANT,3514,800,800,800,800,3080,3184,3160,3184,0,0,0
PLANT,3516,800,800,800,800,3080,3184,3144,3184,0,0,0
PLANT,3518,800,800,800,800,3096,3224,3256,3200,0,0,0
PLANT,3520,800,800,800,800,3048,3208,3264,3208,0,0,0
PLANT,3522,800,800,800,800,3152,3200,3144,3232,0,0,0
PLANT,3524,800,800,800,800,3112,3184,3152,3160,0,0,0
PLANT,3526,800,800,800,800,3112,3232,3096,3200,0,0,0
PLANT,3528,800,800,800,800,3136,3216,3304,3176,0,0,0
PLANT,3530,800,800,800,800,3144,3200,3128,3224,0,0,0
PLANT,3532,800,800,800,800,3144,3224,3136,3176,0,0,0
PLANT,3534,800,800,800,800,3104,3232,3136,3200,0,0,0
PLANT,3536,800,800,800,800,3120,3232,3272,3192,0,0,0
PLANT,3538,800,800,800,800,3072,3208,3136,3224,0,0,0
PLANT,3540,800,800,800,800,3168,3240,3152,3184,0,0,0
PLANT,3542,800,800,800,800,3056,3240,3160,3192,0,0,0
PLANT,3544,800,800,800,800,3112,3240,3248,3208,0,0,0
PLANT,3546,800,800,800,800,3064,3240,3224,3240,0,0,0
PLANT,3548,800,800,800,800,3152,3232,3168,3216,0,0,0
PLANT,3550,800,800,800,800,3144,3216,3152,3200,0,0,0
PLANT,3552,800,800,800,800,3120,3240,3112,3208,0,0,0
PLANT,3554,800,800,800,800,3080,3224,3296,3216,0,0,0
PLANT,3556,800,800,800,800,3096,3216,3152,3208,0,0,0
PLANT,3558,800,800,800,800,3160,3232,3168,3200,0,0,0
PLANT,3560,800,800,800,800,3136,3256,3080,3200,0,0,0
PLANT,3562,800,800,800,800,3064,3216,3240,3176,0,0,0
PLANT,3564,800,800,800,800,3104,3240,3224,3216,0,0,0
PLANT,3566,800,800,800,800,3096,3208,3160,3208,0,0,0
PLANT,3568,800,800,800,800,3128,3256,3104,3216,0,0,0
PLANT,3570,800,800,800,800,3136,3216,3120,3216,0,0,0
PLANT,3572,800,800,800,800,3096,3208,3232,3224,0,0,0
PLANT,3574,800,800,800,800,3088,3224,3168,3200,0,0,0
PLANT,3576,800,800,800,800,3200,3248,3128,3192,0,0,0
PLANT,3578,800,800,800,800,3152,3208,3104,3208,0,0,0
PLANT,3580,800,800,800,800,3072,3232,3224,3216,0,0,0
PLANT,3582,800,800,800,800,3104,3208,3152,3208,0,0,0
PLANT,3584,800,800,800,800,3072,3240,3160,3208,0,0,0
PLANT,3586,800,800,800,800,3144,3216,3104,3184,0,0,0
PLANT,3588,800,800,800,800,3144,3216,3240,3256,0,0,0
PLANT,3590,800,800,800,800,3104,3208,3216,3224,0,0,0
PLANT,3592,800,800,800,800,3104,3240,3160,3200,0,0,0
PLANT,3594,800,800,800,800,3080,3240,3144,3200,0,0,0
PLANT,3596,800,800,800,800,3176,3216,3104,3248,0,0,0
PLANT,3598,800,800,800,800,3072,3208,3216,3288,0,0,0
PLANT,3600,800,800,800,800,3120,3176,3160,3192,0,0,0
PLANT,3602,800,800,800,800,3064,3256,3128,3232,0,0,0
PLANT,3604,800,800,800,800,3136,3216,3080,3144,0,0,0
PLANT,3606,800,800,800,800,3136,3232,3280,3232,0,0,0
PLANT,3608,800,800,800,800,3104,3224,3232,3224,0,0,0
PLANT,3610,800,800,800,800,3104,3232,3152,3152,0,0,0
PLANT,3612,800,800,800,800,3104,3248,3080,3160,0,0,0
PLANT,3614,800,800,800,800,3168,3200,3096,3272,0,0,0
PLANT,3616,800,800,800,800,3064,3232,3216,3208,0,0,0
PLANT,3618,800,800,800,800,3080,3264,3144,3144,0,0,0
PLANT,3620,800,800,800,800,3096,3256,3120,3224,0,0,0
PLANT,3622,800,800,800,800,3120,3216,3080,3224,0,0,0
PLANT,3624,800,800,800,800,3120,3248,3240,3200,0,0,0
PLANT,3626,800,800,800,800,3120,3272,3144,3208,0,0,0
PLANT,3628,800,800,800,800,3080,3248,3088,3200,0,0,0
PLANT,3630,800,800,800,800,3088,3224,3104,3224,0,0,0
PLANT,3632,800,800,800,800,3184,3224,3240,3192,0,0,0
PLANT,3634,800,800,800,800,3152,3272,3208,3208,0,0,0
PLANT,3636,800,800,800,800,3072,3224,3136,3216,0,0,0
PLANT,3638,800,800,800,800,3104,3232,3088,3224,0,0,0
PLANT,3640,800,800,800,800,3048,3232,3120,3248,0,0,0
PLANT,3642,800,800,800,800,3144,3296,3200,3216,0,0,0
PLANT,3644,800,800,800,800,3128,3224,3160,3200,0,0,0
PLANT,3646,800,800,800,800,3080,3216,3120,3208,0,0,0
PLANT,3648,800,800,800,800,3120,3232,3080,3208,0,0,0
PLANT,3650,800,800,800,800,3144,3232,3240,3200,0,0,0
PLANT,3652,800,800,800,800,3168,3256,3216,3184,0,0,0
PLANT,3654,800,800,800,800,3064,3224,3136,3216,0,0,0
PLANT,3656,800,800,800,800,3128,3216,3096,3240,0,0,0
PLANT,3658,800,800,800,800,3064,3224,3112,3200,0,0,0
PLANT,3660,800,800,800,800,3128,3248,3216,3200,0,0,0
PLANT,3662,800,800,800,800,3120,3232,3144,3232,0,0,0
PLANT,3664,800,800,800,800,3080,3232,3144,3224,0,0,0
PLANT,3666,800,800,800,800,3144,3256,3088,3200,0,0,0
PLANT,3668,800,800,800,800,3088,3248,3224,3208,0,0,0
PLANT,3670,800,800,800,800,3160,3232,3160,3208,0,0,0
PLANT,3672,800,800,800,800,3056,3200,3096,3232,0,0,0
PLANT,3674,800,800,800,800,3112,3208,3080,3192,0,0,0
PLANT,3676,800,800,800,800,3048,3240,3232,3200,0,0,0
PLANT,3678,800,800,800,800,3152,3216,3232,3200,0,0,0
PLANT,3680,800,800,800,800,3176,3208,3136,3240,0,0,0
PLANT,3682,800,800,800,800,3096,3192,3088,3216,0,0,0
PLANT,3684,800,800,800,800,3120,3280,3096,3184,0,0,0
PLANT,3686,800,800,800,800,3088,3288,3200,3200,0,0,0
PLANT,3688,800,800,800,800,3144,3240,3168,3256,0,0,0
PLANT,3690,800,800,800,800,3080,3216,3096,3224,0,0,0
PLANT,3692,800,800,800,800,3112,3240,3096,3208,0,0,0
PLANT,3694,800,800,800,800,3072,3216,3256,3208,0,0,0
PLANT,3696,800,800,800,800,3160,3232,3208,3176,0,0,0
PLANT,3698,800,800,800,800,3136,3216,3160,3256,0,0,0
PLANT,3700,800,800,800,800,3112,3256,3128,3192,0,0,0
PLANT,3702,800,800,800,800,3096,3216,3096,3200,0,0,0
PLANT,3704,800,800,800,800,3120,3232,3208,3208,0,0,0
PLANT,3706,800,800,800,800,3144,3232,3176,3240,0,0,0
PLANT,3708,800,800,800,800,3160,3296,3128,3184,0,0,0
PLANT,3710,800,800,800,800,3104,3248,3088,3192,0,0,0
PLANT,3712,800,800,800,800,3064,3240,3272,3232,0,0,0
PLANT,3714,800,800,800,800,3136,3232,3120,3200,0,0,0
PLANT,3716,800,800,800,800,3136,3240,3152,3192,0,0,0
PLANT,3718,800,800,800,800,3096,3232,3136,3200,0,0,0
PLANT,3720,800,800,800,800,3080,3232,3248,3200,0,0,0
PLANT,3722,800,800,800,800,3120,3208,3224,3240,0,0,0
PLANT,3724,800,800,800,800,3152,3248,3144,3232,0,0,0
PLANT,3726,800,800,800,800,3168,3272,3144,3200,0,0,0
PLANT,3728,800,800,800,800,3040,3232,3104,3184,0,0,0
PLANT,3730,800,800,800,800,3104,3176,3240,3240,0,0,0
PLANT,3732,800,800,800,800,3128,3232,3152,3224,0,0,0
PLANT,3734,800,800,800,800,3144,3248,3152,3200,0,0,0
PLANT,3736,800,800,800,800,3096,3208,3088,3192,0,0,0
PLANT,3738,800,800,800,800,3088,3208,3272,3200,0,0,0
PLANT,3740,800,800,800,800,3112,3184,3192,3248,0,0,0
PLANT,3742,800,800,800,800,3112,3232,3176,3184,0,0,0
PLANT,3744,800,800,800,800,3160,3224,3136,3192,0,0,0
PLANT,3746,800,800,800,800,3064,3208,3088,3200,0,0,0
PLANT,3748,800,800,800,800,3120,3224,3272,3216,0,0,0
PLANT,3750,800,800,800,800,3064,3208,3128,3216,0,0,0
PLANT,3752,800,800,800,800,3136,3216,3152,3200,0,0,0
PLANT,3754,800,800,800,800,3168,3208,3160,3200,0,0,0
PLANT,3756,800,800,800,800,3104,3224,3240,3224,0,0,0
PLANT,3758,800,800,800,800,3096,0,3144,3200,0,0,0
PLANT,3760,800,800,800,800,3120,3216,3160,3192,0,0,0
PLANT,3762,800,800,800,800,3184,3208,3160,3200,0,0,0
PLANT,3764,800,800,800,800,3072,3224,3216,3200,0,0,0
PLANT,3766,800,800,800,800,3112,3248,3280,3232,0,0,0
PLANT,3768,800,800,800,800,3072,3216,3128,3200,0,0,0
PLANT,3770,800,800,800,800,3112,3232,3136,3208,0,0,0
PLANT,3772,800,800,800,800,3152,3216,3160,3216,0,0,0
PLANT,3774,800,800,800,800,3112,3264,3240,3224,0,0,0
PLANT,3776,800,800,800,800,3088,3280,3120,3184,0,0,0
PLANT,3778,800,800,800,800,3120,3232,3120,3208,0,0,0
PLANT,3780,800,800,800,800,3184,3256,3120,3192,0,0,0
PLANT,3782,800,800,800,800,3136,3256,3248,3208,0,0,0
PLANT,3784,800,800,800,800,3104,3256,3160,3192,0,0,0
PLANT,3786,800,800,800,800,3112,3248,3112,3200,0,0,0
PLANT,3788,800,800,800,800,3064,3240,3120,3200,0,0,0
PLANT,3790,800,800,800,800,3160,3248,3288,3208,0,0,0
PLANT,3792,800,800,800,800,3120,3240,3256,3208,0,0,0
PLANT,3794,800,800,800,800,3088,3216,3144,3192,0,0,0
PLANT,3796,800,800,800,800,3144,3224,3176,3192,0,0,0
PLANT,3798,800,800,800,800,3128,3224,3096,3224,0,0,0
PLANT_END
